"city_num","PRECTOT","PRECSNO","QSH","RHOA","SPEED","TLML","file","joint_address"
1,6.84831611579284e-05,2.22045055124909e-05,0.00646502058953047,1.26263701915741,6.25839233398438,280.87451171875,"200001.nc4","Myrtle Beach-Socastee, SC-NC"
1,8.49411117087584e-06,3.31683693843843e-08,0.00741200661286712,1.24883675575256,5.60748958587646,284.165924072266,"200002.nc4","Myrtle Beach-Socastee, SC-NC"
1,4.22898265242111e-05,0,0.00892059970647097,1.22347962856293,6.04974508285522,288.215576171875,"200003.nc4","Myrtle Beach-Socastee, SC-NC"
1,2.4381906769122e-05,0,0.0092091578990221,1.21346199512482,6.39632797241211,289.953369140625,"200004.nc4","Myrtle Beach-Socastee, SC-NC"
1,5.71846021557576e-06,0,0.0119660375639796,1.1839861869812,5.8705883026123,296.758941650391,"200005.nc4","Myrtle Beach-Socastee, SC-NC"
1,3.74980372725986e-05,0,0.0151147451251745,1.17584478855133,4.91201543807983,298.875762939453,"200006.nc4","Myrtle Beach-Socastee, SC-NC"
1,6.41799124423414e-05,0,0.0164932366460562,1.16614139080048,4.47863340377808,300.112182617188,"200007.nc4","Myrtle Beach-Socastee, SC-NC"
1,4.21294571424369e-05,0,0.0166340582072735,1.17324662208557,4.47518110275269,298.953796386719,"200008.nc4","Myrtle Beach-Socastee, SC-NC"
1,8.06599637144245e-05,0,0.0156131284311414,1.18359804153442,5.49060392379761,296.142608642578,"200009.nc4","Myrtle Beach-Socastee, SC-NC"
1,2.45124169850897e-06,0,0.0103021049872041,1.21377050876617,4.93358659744263,291.324462890625,"200010.nc4","Myrtle Beach-Socastee, SC-NC"
1,3.72793620044831e-05,3.10406676362618e-07,0.00824302900582552,1.23222482204437,5.04507160186768,286.598785400391,"200011.nc4","Myrtle Beach-Socastee, SC-NC"
1,3.52864844899159e-05,1.80446477315854e-06,0.00580567074939609,1.27387225627899,5.85438919067383,278.797943115234,"200012.nc4","Myrtle Beach-Socastee, SC-NC"
1,2.05828000616748e-05,1.29559429851156e-08,0.00634559756144881,1.26003313064575,5.79542064666748,281.090698242188,"200101.nc4","Myrtle Beach-Socastee, SC-NC"
1,2.50279335887171e-05,9.6508301794529e-08,0.00785370916128159,1.24153435230255,5.73558187484741,285.656005859375,"200102.nc4","Myrtle Beach-Socastee, SC-NC"
1,5.00673522765283e-05,7.48885935902832e-12,0.00800689123570919,1.22881710529327,6.68480920791626,286.017761230469,"200103.nc4","Myrtle Beach-Socastee, SC-NC"
1,1.50755386130186e-05,0,0.00962082669138908,1.21322596073151,6.02799510955811,291.269592285156,"200104.nc4","Myrtle Beach-Socastee, SC-NC"
1,1.62578744493658e-05,0,0.011273012496531,1.18926727771759,5.15628576278687,295.782623291016,"200105.nc4","Myrtle Beach-Socastee, SC-NC"
1,4.38411625509616e-05,0,0.0159289967268705,1.1734002828598,4.76220989227295,298.795837402344,"200106.nc4","Myrtle Beach-Socastee, SC-NC"
1,5.15858228027355e-05,0,0.0167458485811949,1.17030715942383,4.74393224716187,299.38134765625,"200107.nc4","Myrtle Beach-Socastee, SC-NC"
1,3.73806651623454e-05,0,0.0170237179845572,1.16923844814301,4.58100938796997,299.876007080078,"200108.nc4","Myrtle Beach-Socastee, SC-NC"
1,3.46010237990413e-05,0,0.0141004705801606,1.18642258644104,4.88780498504639,295.951446533203,"200109.nc4","Myrtle Beach-Socastee, SC-NC"
1,6.49260482532554e-06,0,0.00979964062571526,1.21099507808685,5.68571710586548,291.998352050781,"200110.nc4","Myrtle Beach-Socastee, SC-NC"
1,1.14129961730214e-05,0,0.00930371601134539,1.21638095378876,5.62715196609497,290.877685546875,"200111.nc4","Myrtle Beach-Socastee, SC-NC"
1,1.73838852788322e-05,2.53161563029203e-14,0.00838599819689989,1.2291362285614,5.4980354309082,287.380065917969,"200112.nc4","Myrtle Beach-Socastee, SC-NC"
1,2.55820505117299e-05,4.03740295951138e-06,0.00709217507392168,1.24598467350006,6.04879140853882,283.838531494141,"200201.nc4","Myrtle Beach-Socastee, SC-NC"
1,2.99059829558246e-05,3.22297709354213e-11,0.00637226970866323,1.24766159057617,5.88815307617188,283.856750488281,"200202.nc4","Myrtle Beach-Socastee, SC-NC"
1,3.92454494431149e-05,3.08295799422009e-16,0.00934323016554117,1.22418069839478,5.76001501083374,288.830780029297,"200203.nc4","Myrtle Beach-Socastee, SC-NC"
1,2.00229551410303e-05,0,0.0107968468219042,1.20102691650391,5.93448162078857,293.809326171875,"200204.nc4","Myrtle Beach-Socastee, SC-NC"
1,2.91798387479503e-05,0,0.0117026390507817,1.1930867433548,5.70041179656982,295.184783935547,"200205.nc4","Myrtle Beach-Socastee, SC-NC"
1,3.96188406739384e-05,0,0.0148430457338691,1.1741851568222,4.92022562026978,298.833312988281,"200206.nc4","Myrtle Beach-Socastee, SC-NC"
1,5.70693373447284e-05,0,0.0172804556787014,1.16434645652771,4.60856246948242,300.925628662109,"200207.nc4","Myrtle Beach-Socastee, SC-NC"
1,6.70525914756581e-05,0,0.0165489427745342,1.17052686214447,4.84987306594849,299.65478515625,"200208.nc4","Myrtle Beach-Socastee, SC-NC"
1,4.87318429804873e-05,0,0.0171560849994421,1.17461657524109,5.37532949447632,298.126098632812,"200209.nc4","Myrtle Beach-Socastee, SC-NC"
1,7.56308363634162e-05,0,0.0143403625115752,1.19391906261444,4.58311319351196,294.143096923828,"200210.nc4","Myrtle Beach-Socastee, SC-NC"
1,4.47389647888485e-05,3.67000263512551e-10,0.00920225214213133,1.23089671134949,5.10326051712036,286.628509521484,"200211.nc4","Myrtle Beach-Socastee, SC-NC"
1,6.41877195448615e-05,1.37358298957224e-07,0.00685355393216014,1.25397050380707,5.88220691680908,282.080383300781,"200212.nc4","Myrtle Beach-Socastee, SC-NC"
1,1.94350013771327e-05,2.58437694355962e-06,0.00549670215696096,1.26759302616119,6.29691219329834,279.292175292969,"200301.nc4","Myrtle Beach-Socastee, SC-NC"
1,3.82451253244653e-05,7.20262050890597e-07,0.00697042932733893,1.24738395214081,5.54748725891113,282.961059570312,"200302.nc4","Myrtle Beach-Socastee, SC-NC"
1,5.23344569955952e-05,4.27844509820474e-10,0.0101402848958969,1.21638095378876,5.63960647583008,288.788055419922,"200303.nc4","Myrtle Beach-Socastee, SC-NC"
1,8.16998508526012e-05,0,0.0106898993253708,1.21068596839905,5.45895385742188,290.534027099609,"200304.nc4","Myrtle Beach-Socastee, SC-NC"
1,6.70087974867783e-05,0,0.0142167629674077,1.18672823905945,5.46830224990845,295.309814453125,"200305.nc4","Myrtle Beach-Socastee, SC-NC"
1,7.54663997213356e-05,0,0.0168575216084719,1.17310452461243,4.70468854904175,298.281768798828,"200306.nc4","Myrtle Beach-Socastee, SC-NC"
1,7.23837802070193e-05,0,0.0186895336955786,1.17141723632812,4.81900548934937,299.04052734375,"200307.nc4","Myrtle Beach-Socastee, SC-NC"
1,4.85702475998551e-05,0,0.0186127386987209,1.16998374462128,4.26625919342041,299.389373779297,"200308.nc4","Myrtle Beach-Socastee, SC-NC"
1,3.6239558539819e-05,0,0.0145570784807205,1.18379390239716,5.72733640670776,296.339172363281,"200309.nc4","Myrtle Beach-Socastee, SC-NC"
1,6.42853483441286e-05,0,0.0115450127050281,1.20078802108765,4.96440172195435,292.752288818359,"200310.nc4","Myrtle Beach-Socastee, SC-NC"
1,1.70578732650029e-05,0,0.0103602968156338,1.21807336807251,5.51370096206665,290.044677734375,"200311.nc4","Myrtle Beach-Socastee, SC-NC"
1,3.80401979782619e-05,5.20448439900179e-09,0.00653168279677629,1.25396585464478,5.76144170761108,282.433471679688,"200312.nc4","Myrtle Beach-Socastee, SC-NC"
1,1.86238339665579e-05,1.41667578645865e-06,0.00571302184835076,1.26202666759491,6.00058078765869,280.599639892578,"200401.nc4","Myrtle Beach-Socastee, SC-NC"
1,6.02942818659358e-05,5.5807408898545e-06,0.00617973553016782,1.25977766513824,6.58359098434448,281.340606689453,"200402.nc4","Myrtle Beach-Socastee, SC-NC"
1,1.06190445876564e-05,5.33623336761591e-14,0.00831238459795713,1.23145842552185,5.99277782440186,287.765075683594,"200403.nc4","Myrtle Beach-Socastee, SC-NC"
1,3.3618289307924e-05,0,0.00930619612336159,1.20921730995178,5.95160293579102,291.133483886719,"200404.nc4","Myrtle Beach-Socastee, SC-NC"
1,4.97897453897167e-05,0,0.0133665958419442,1.1846696138382,5.27305459976196,297.159149169922,"200405.nc4","Myrtle Beach-Socastee, SC-NC"
1,4.43328572146129e-05,0,0.0158484578132629,1.17040920257568,4.82568120956421,299.659729003906,"200406.nc4","Myrtle Beach-Socastee, SC-NC"
1,4.00886819988955e-05,0,0.0176700111478567,1.1630494594574,4.20405912399292,300.568542480469,"200407.nc4","Myrtle Beach-Socastee, SC-NC"
1,8.63303284859285e-05,0,0.0173272620886564,1.17230010032654,4.95120525360107,298.562286376953,"200408.nc4","Myrtle Beach-Socastee, SC-NC"
1,5.05433490616269e-05,0,0.0162042248994112,1.18178081512451,6.4813232421875,296.584991455078,"200409.nc4","Myrtle Beach-Socastee, SC-NC"
1,2.01077928068116e-05,0,0.0128387166187167,1.19940936565399,4.64312553405762,293.146514892578,"200410.nc4","Myrtle Beach-Socastee, SC-NC"
1,3.75574054487515e-05,7.05282728920287e-13,0.00987187027931213,1.22520709037781,5.45752429962158,288.691345214844,"200411.nc4","Myrtle Beach-Socastee, SC-NC"
1,2.55107843258884e-05,1.53266573761357e-05,0.00719934608787298,1.25224769115448,5.80373573303223,282.962982177734,"200412.nc4","Myrtle Beach-Socastee, SC-NC"
1,2.03455692826537e-05,2.75150824791126e-07,0.00729115307331085,1.2560533285141,6.0653247833252,282.687255859375,"200501.nc4","Myrtle Beach-Socastee, SC-NC"
1,5.16714644618332e-05,3.04062268696725e-08,0.00692722713574767,1.24914824962616,5.84730195999146,283.265869140625,"200502.nc4","Myrtle Beach-Socastee, SC-NC"
1,6.88590298523195e-05,2.26556828852864e-10,0.00763534754514694,1.23044610023499,6.53319311141968,285.419494628906,"200503.nc4","Myrtle Beach-Socastee, SC-NC"
1,3.57854914909694e-05,0,0.00888547115027905,1.21404075622559,6.60690450668335,289.58203125,"200504.nc4","Myrtle Beach-Socastee, SC-NC"
1,4.09379026677925e-05,0,0.011304123327136,1.19412481784821,5.10684633255005,293.932098388672,"200505.nc4","Myrtle Beach-Socastee, SC-NC"
1,6.23697123955935e-05,0,0.0164818316698074,1.17376661300659,4.89137697219849,298.201416015625,"200506.nc4","Myrtle Beach-Socastee, SC-NC"
1,7.92604696471244e-05,0,0.0198802314698696,1.16306173801422,4.056396484375,300.773010253906,"200507.nc4","Myrtle Beach-Socastee, SC-NC"
1,0.000118123352876864,0,0.0195536687970161,1.1638685464859,3.94150590896606,300.448333740234,"200508.nc4","Myrtle Beach-Socastee, SC-NC"
1,2.38142292801058e-05,0,0.0160052385181189,1.17285823822021,6.02990579605103,298.858642578125,"200509.nc4","Myrtle Beach-Socastee, SC-NC"
1,9.23229890759103e-05,0,0.0127703631296754,1.19889271259308,5.76144647598267,292.744293212891,"200510.nc4","Myrtle Beach-Socastee, SC-NC"
1,3.59785117325373e-05,1.20790735217127e-22,0.0097261993214488,1.22119510173798,5.51069259643555,289.049591064453,"200511.nc4","Myrtle Beach-Socastee, SC-NC"
1,4.84259035147261e-05,1.72491052552459e-08,0.00673472043126822,1.25161480903625,6.02528619766235,282.332946777344,"200512.nc4","Myrtle Beach-Socastee, SC-NC"
1,2.67702271230519e-05,9.5792427809438e-13,0.00799658708274364,1.23838424682617,6.11083364486694,285.181335449219,"200601.nc4","Myrtle Beach-Socastee, SC-NC"
1,7.17911098035984e-05,2.82310730348456e-10,0.00663726311177015,1.25008630752563,5.79690265655518,282.824340820312,"200602.nc4","Myrtle Beach-Socastee, SC-NC"
1,1.0686004316085e-05,7.44637302665073e-14,0.00759533420205116,1.23527693748474,5.76196146011353,286.032745361328,"200603.nc4","Myrtle Beach-Socastee, SC-NC"
1,2.66688875854015e-05,0,0.00973108224570751,1.20341527462006,6.0560450553894,292.230834960938,"200604.nc4","Myrtle Beach-Socastee, SC-NC"
1,2.9360810003709e-05,0,0.0113882226869464,1.18933308124542,5.39198350906372,294.701568603516,"200605.nc4","Myrtle Beach-Socastee, SC-NC"
1,2.87058574031107e-05,0,0.015270933508873,1.17415630817413,4.93245315551758,298.417694091797,"200606.nc4","Myrtle Beach-Socastee, SC-NC"
1,2.97867936751572e-05,0,0.0168956574052572,1.16806650161743,4.5063648223877,300.410858154297,"200607.nc4","Myrtle Beach-Socastee, SC-NC"
1,6.04201668465976e-05,0,0.0184122007340193,1.16314399242401,4.45153284072876,300.668121337891,"200608.nc4","Myrtle Beach-Socastee, SC-NC"
1,3.55752599716652e-05,0,0.0151219377294183,1.18197882175446,4.97395992279053,296.565795898438,"200609.nc4","Myrtle Beach-Socastee, SC-NC"
1,4.07326842832845e-05,0,0.0110783204436302,1.20485031604767,5.02965450286865,291.873779296875,"200610.nc4","Myrtle Beach-Socastee, SC-NC"
1,5.08348857692908e-05,3.37453343490779e-06,0.00872546527534723,1.22925710678101,5.83364963531494,286.890258789062,"200611.nc4","Myrtle Beach-Socastee, SC-NC"
1,3.2255793485092e-05,2.40032507758947e-11,0.00887363124638796,1.24021828174591,5.08101606369019,286.141021728516,"200612.nc4","Myrtle Beach-Socastee, SC-NC"
1,2.49360709858593e-05,1.45543549479044e-06,0.00787586998194456,1.24739253520966,5.89831781387329,284.084075927734,"200701.nc4","Myrtle Beach-Socastee, SC-NC"
1,5.41800145583693e-05,2.74568395797203e-10,0.00638116477057338,1.25328302383423,5.73330545425415,281.916931152344,"200702.nc4","Myrtle Beach-Socastee, SC-NC"
1,8.23108621261781e-06,1.59884058710579e-14,0.00893526151776314,1.22787511348724,5.58391714096069,288.435272216797,"200703.nc4","Myrtle Beach-Socastee, SC-NC"
1,1.52400743900216e-05,1.1968861418323e-15,0.00880711898207664,1.21134114265442,6.2389178276062,290.3466796875,"200704.nc4","Myrtle Beach-Socastee, SC-NC"
1,1.90251084859483e-05,0,0.010899861343205,1.19732642173767,5.51361465454102,294.542694091797,"200705.nc4","Myrtle Beach-Socastee, SC-NC"
1,3.84378181479406e-05,0,0.0150739690288901,1.17345857620239,4.76752185821533,298.623260498047,"200706.nc4","Myrtle Beach-Socastee, SC-NC"
1,5.1433831686154e-05,0,0.016264459118247,1.16817307472229,4.57426834106445,299.79541015625,"200707.nc4","Myrtle Beach-Socastee, SC-NC"
1,2.74298527074279e-05,0,0.0181114450097084,1.15971803665161,4.16982507705688,301.559448242188,"200708.nc4","Myrtle Beach-Socastee, SC-NC"
1,2.95100144285243e-05,0,0.0151635073125362,1.17877650260925,5.25797510147095,298.098480224609,"200709.nc4","Myrtle Beach-Socastee, SC-NC"
1,3.23232925438788e-05,0,0.0133711528033018,1.1914005279541,5.32934808731079,295.073211669922,"200710.nc4","Myrtle Beach-Socastee, SC-NC"
1,8.55500366014894e-06,2.84448380885453e-15,0.00780333764851093,1.23244667053223,5.50347709655762,287.007934570312,"200711.nc4","Myrtle Beach-Socastee, SC-NC"
1,4.71850362373516e-05,2.09556634198083e-12,0.00852623023092747,1.23449385166168,5.39793586730957,286.490814208984,"200712.nc4","Myrtle Beach-Socastee, SC-NC"
1,2.41550151258707e-05,7.18725402748532e-07,0.00675290590152144,1.26033437252045,5.21288394927979,281.652191162109,"200801.nc4","Myrtle Beach-Socastee, SC-NC"
1,6.0023750847904e-05,2.62283033833355e-12,0.00787416938692331,1.23786783218384,5.96145153045654,285.240875244141,"200802.nc4","Myrtle Beach-Socastee, SC-NC"
1,2.86408885585843e-05,1.13486280648497e-13,0.00818610563874245,1.2311999797821,6.54539203643799,287.012176513672,"200803.nc4","Myrtle Beach-Socastee, SC-NC"
1,3.63985018339008e-05,0,0.0100088100880384,1.21232080459595,5.83020877838135,290.515716552734,"200804.nc4","Myrtle Beach-Socastee, SC-NC"
1,1.94351923710201e-05,0,0.0114709809422493,1.18860638141632,5.89403915405273,294.911590576172,"200805.nc4","Myrtle Beach-Socastee, SC-NC"
1,1.61783282237593e-05,0,0.015457333996892,1.16880142688751,4.8798623085022,299.896270751953,"200806.nc4","Myrtle Beach-Socastee, SC-NC"
1,4.47874517703895e-05,0,0.0168731641024351,1.16852450370789,4.79082202911377,299.628082275391,"200807.nc4","Myrtle Beach-Socastee, SC-NC"
1,5.44561880815309e-05,0,0.0175079684704542,1.16611742973328,4.52628326416016,299.492431640625,"200808.nc4","Myrtle Beach-Socastee, SC-NC"
1,4.27895502070896e-05,0,0.015620518475771,1.18229639530182,5.53733539581299,296.636138916016,"200809.nc4","Myrtle Beach-Socastee, SC-NC"
1,7.01462267898023e-05,0,0.010911044664681,1.21503865718842,5.59525632858276,290.686401367188,"200810.nc4","Myrtle Beach-Socastee, SC-NC"
1,4.44236175098922e-05,1.88698050240799e-11,0.00818493124097586,1.23853707313538,5.65750026702881,285.237457275391,"200811.nc4","Myrtle Beach-Socastee, SC-NC"
1,1.55006237037014e-05,1.30960886579601e-09,0.00870903022587299,1.23807120323181,5.72356224060059,286.003082275391,"200812.nc4","Myrtle Beach-Socastee, SC-NC"
1,2.82226355921011e-05,3.1625958740733e-07,0.00647636875510216,1.2573356628418,5.55130052566528,281.367065429688,"200901.nc4","Myrtle Beach-Socastee, SC-NC"
1,1.00018078228459e-05,1.23532171159013e-08,0.00626461021602154,1.25636553764343,5.90331697463989,282.443756103516,"200902.nc4","Myrtle Beach-Socastee, SC-NC"
1,3.30252150888555e-05,1.86291954085149e-11,0.0082579692825675,1.23677563667297,5.61388826370239,286.217407226562,"200903.nc4","Myrtle Beach-Socastee, SC-NC"
1,5.91676762269344e-05,0,0.00968093611299992,1.21150934696198,6.12292194366455,290.680877685547,"200904.nc4","Myrtle Beach-Socastee, SC-NC"
1,4.84887386846822e-05,0,0.0135177634656429,1.19034361839294,6.09357786178589,295.199066162109,"200905.nc4","Myrtle Beach-Socastee, SC-NC"
1,2.9927125069662e-05,0,0.0169513393193483,1.16393101215363,4.17512655258179,299.594940185547,"200906.nc4","Myrtle Beach-Socastee, SC-NC"
1,3.96799005102366e-05,0,0.0165282730013132,1.16852021217346,5.04720878601074,299.467529296875,"200907.nc4","Myrtle Beach-Socastee, SC-NC"
1,4.10486172768287e-05,0,0.0179240833967924,1.16913282871246,3.98555064201355,299.663543701172,"200908.nc4","Myrtle Beach-Socastee, SC-NC"
1,2.16706739593064e-05,0,0.0146013339981437,1.18182909488678,4.90081834793091,296.914154052734,"200909.nc4","Myrtle Beach-Socastee, SC-NC"
1,4.07442203140818e-05,0,0.0117245344445109,1.20397388935089,5.0493335723877,292.031341552734,"200910.nc4","Myrtle Beach-Socastee, SC-NC"
1,5.10386562382337e-05,0,0.00943368580192327,1.22407591342926,5.05774545669556,287.872009277344,"200911.nc4","Myrtle Beach-Socastee, SC-NC"
1,5.62027380510699e-05,3.93334786963351e-08,0.00729604717344046,1.24960064888,6.27376270294189,282.793670654297,"200912.nc4","Myrtle Beach-Socastee, SC-NC"
1,4.40249423263595e-05,4.62998940520265e-07,0.00579789094626904,1.26774597167969,5.79626131057739,278.996734619141,"201001.nc4","Myrtle Beach-Socastee, SC-NC"
1,3.6377245123731e-05,3.54637063537666e-06,0.00575977377593517,1.25932788848877,6.04471206665039,279.554779052734,"201002.nc4","Myrtle Beach-Socastee, SC-NC"
1,3.99283489969093e-05,5.28177999115087e-08,0.00751811871305108,1.23248291015625,5.59804391860962,285.031402587891,"201003.nc4","Myrtle Beach-Socastee, SC-NC"
1,1.09134589365567e-05,0,0.0101561080664396,1.2083398103714,5.53917789459229,291.324615478516,"201004.nc4","Myrtle Beach-Socastee, SC-NC"
1,3.60666599590331e-05,0,0.0134382108226418,1.18513405323029,5.38448238372803,296.315185546875,"201005.nc4","Myrtle Beach-Socastee, SC-NC"
1,3.21422521665227e-05,0,0.017676493152976,1.16326820850372,4.48243474960327,300.707366943359,"201006.nc4","Myrtle Beach-Socastee, SC-NC"
1,3.16385448968504e-05,0,0.0181913897395134,1.16575312614441,4.56610107421875,300.429809570312,"201007.nc4","Myrtle Beach-Socastee, SC-NC"
1,2.21812042582314e-05,0,0.0189596265554428,1.16284513473511,4.23910284042358,300.550262451172,"201008.nc4","Myrtle Beach-Socastee, SC-NC"
1,5.89040391787421e-05,0,0.0153638087213039,1.17180061340332,4.60423135757446,298.949157714844,"201009.nc4","Myrtle Beach-Socastee, SC-NC"
1,9.15731561690336e-06,0,0.0117578003555536,1.20209228992462,5.27868795394897,292.357543945312,"201010.nc4","Myrtle Beach-Socastee, SC-NC"
1,1.88805970537942e-05,4.23465819701652e-12,0.00853310711681843,1.23077237606049,5.20988416671753,287.117919921875,"201011.nc4","Myrtle Beach-Socastee, SC-NC"
1,3.30272996507119e-05,3.43479973707872e-06,0.00482582487165928,1.27308583259583,5.93978929519653,277.586334228516,"201012.nc4","Myrtle Beach-Socastee, SC-NC"
1,4.39039577031508e-05,2.32803495237022e-06,0.00574934203177691,1.26573944091797,5.212646484375,279.131530761719,"201101.nc4","Myrtle Beach-Socastee, SC-NC"
1,4.06978215323761e-05,6.19748448116297e-08,0.00733819883316755,1.24460446834564,6.13910102844238,284.191101074219,"201102.nc4","Myrtle Beach-Socastee, SC-NC"
1,5.07581935380585e-05,2.41925590671599e-10,0.00819528102874756,1.23036301136017,6.15654563903809,287.122772216797,"201103.nc4","Myrtle Beach-Socastee, SC-NC"
1,2.94325054710498e-05,0,0.010914858430624,1.20345544815063,6.28799438476562,292.195953369141,"201104.nc4","Myrtle Beach-Socastee, SC-NC"
1,1.70473231264623e-05,0,0.0127114150673151,1.18655550479889,4.93111562728882,295.656341552734,"201105.nc4","Myrtle Beach-Socastee, SC-NC"
1,2.02390547201503e-05,0,0.0155641632154584,1.16503119468689,4.7228422164917,300.391357421875,"201106.nc4","Myrtle Beach-Socastee, SC-NC"
1,3.81727622880135e-05,0,0.017067538574338,1.16218745708466,4.88070154190063,300.922790527344,"201107.nc4","Myrtle Beach-Socastee, SC-NC"
1,4.99182860949077e-05,0,0.0180505178868771,1.1598185300827,4.71999740600586,300.532836914062,"201108.nc4","Myrtle Beach-Socastee, SC-NC"
1,5.64289584872313e-05,0,0.0155950831249356,1.1772392988205,4.55267953872681,297.560791015625,"201109.nc4","Myrtle Beach-Socastee, SC-NC"
1,3.55142692569643e-05,0,0.0102375857532024,1.20879650115967,5.91858339309692,291.114654541016,"201110.nc4","Myrtle Beach-Socastee, SC-NC"
1,1.37374454425299e-05,0,0.00869720056653023,1.22666490077972,5.84389495849609,288.338134765625,"201111.nc4","Myrtle Beach-Socastee, SC-NC"
1,7.28176019038074e-06,7.99866353706769e-11,0.00773952342569828,1.24093854427338,5.61913919448853,285.899108886719,"201112.nc4","Myrtle Beach-Socastee, SC-NC"
1,1.50403220686712e-05,2.44531950244209e-10,0.00684446934610605,1.24471879005432,5.8250560760498,284.390289306641,"201201.nc4","Myrtle Beach-Socastee, SC-NC"
1,3.52656352333724e-05,1.68502267694493e-10,0.00733394687995315,1.24083471298218,5.71851587295532,285.117706298828,"201202.nc4","Myrtle Beach-Socastee, SC-NC"
1,4.94263404107187e-05,8.41995699829567e-08,0.0103734117001295,1.21566939353943,5.55951595306396,290.579742431641,"201203.nc4","Myrtle Beach-Socastee, SC-NC"
1,4.58366703242064e-05,0,0.00992837175726891,1.20284378528595,5.52032995223999,292.172485351562,"201204.nc4","Myrtle Beach-Socastee, SC-NC"
1,4.46502053819131e-05,0,0.0136056737974286,1.1846045255661,5.31426858901978,296.077758789062,"201205.nc4","Myrtle Beach-Socastee, SC-NC"
1,4.46523372374941e-05,0,0.0145465917885303,1.17900002002716,4.7301983833313,297.213348388672,"201206.nc4","Myrtle Beach-Socastee, SC-NC"
1,3.46652632288169e-05,0,0.0181598886847496,1.16179323196411,4.70007467269897,301.121307373047,"201207.nc4","Myrtle Beach-Socastee, SC-NC"
1,9.41098332987167e-05,0,0.0180300176143646,1.17006063461304,3.97603702545166,299.092224121094,"201208.nc4","Myrtle Beach-Socastee, SC-NC"
1,2.89161926048109e-05,0,0.0156213054433465,1.18218171596527,4.47130727767944,296.993255615234,"201209.nc4","Myrtle Beach-Socastee, SC-NC"
1,2.97841997962678e-05,0,0.0115724792703986,1.201451420784,5.44205856323242,292.189422607422,"201210.nc4","Myrtle Beach-Socastee, SC-NC"
1,5.95546225667931e-05,0,0.00689068529754877,1.24459099769592,5.57416915893555,284.581268310547,"201211.nc4","Myrtle Beach-Socastee, SC-NC"
1,3.70781453966629e-05,1.01832093105103e-11,0.00829991605132818,1.23573839664459,5.4630913734436,285.672088623047,"201212.nc4","Myrtle Beach-Socastee, SC-NC"
1,9.83304289547959e-06,2.78937850595184e-09,0.00777629530057311,1.24624872207642,5.5210599899292,284.555786132812,"201301.nc4","Myrtle Beach-Socastee, SC-NC"
1,8.93323449417949e-05,2.40617508556751e-11,0.00669795554131269,1.24692702293396,5.92368650436401,283.122192382812,"201302.nc4","Myrtle Beach-Socastee, SC-NC"
1,2.18064997170586e-05,6.38814390274689e-10,0.00620960583910346,1.24604105949402,6.13533878326416,283.212371826172,"201303.nc4","Myrtle Beach-Socastee, SC-NC"
1,4.86391691083554e-05,0,0.0104258423671126,1.21559607982635,5.73079967498779,290.225769042969,"201304.nc4","Myrtle Beach-Socastee, SC-NC"
1,2.86656249954831e-05,0,0.0121957082301378,1.19778168201447,5.65204238891602,293.926391601562,"201305.nc4","Myrtle Beach-Socastee, SC-NC"
1,0.000109393331513274,0,0.0173142086714506,1.17293882369995,5.51980066299438,298.324859619141,"201306.nc4","Myrtle Beach-Socastee, SC-NC"
1,8.28668926260434e-05,0,0.0185112562030554,1.17173492908478,4.94410610198975,299.253814697266,"201307.nc4","Myrtle Beach-Socastee, SC-NC"
1,6.79452496115118e-05,0,0.0177899450063705,1.17309904098511,4.36170434951782,298.857330322266,"201308.nc4","Myrtle Beach-Socastee, SC-NC"
1,2.65415710600791e-05,0,0.0147627899423242,1.18169438838959,4.61502170562744,296.849578857422,"201309.nc4","Myrtle Beach-Socastee, SC-NC"
1,3.55003794538788e-05,0,0.0116030145436525,1.20309662818909,4.37517976760864,292.580230712891,"201310.nc4","Myrtle Beach-Socastee, SC-NC"
1,3.05206158373039e-05,1.97922192524125e-10,0.00791683048009872,1.23911678791046,5.93978071212769,286.164245605469,"201311.nc4","Myrtle Beach-Socastee, SC-NC"
1,4.09158528782427e-05,1.14665077433074e-09,0.00837847590446472,1.24106967449188,5.24143695831299,285.344696044922,"201312.nc4","Myrtle Beach-Socastee, SC-NC"
1,5.25447976542637e-05,1.23029512906214e-05,0.00586928380653262,1.26711428165436,5.93354797363281,279.536956787109,"201401.nc4","Myrtle Beach-Socastee, SC-NC"
1,4.86280732729938e-05,1.12977977551054e-05,0.00706068798899651,1.24847447872162,5.66166114807129,282.828430175781,"201402.nc4","Myrtle Beach-Socastee, SC-NC"
1,7.54989305278286e-05,1.26876329886727e-06,0.00709966430440545,1.24313235282898,6.01250982284546,283.816925048828,"201403.nc4","Myrtle Beach-Socastee, SC-NC"
1,4.30606669397093e-05,0,0.0105892708525062,1.20955765247345,6.36403560638428,290.877349853516,"201404.nc4","Myrtle Beach-Socastee, SC-NC"
1,2.42485002672765e-05,0,0.0132128419354558,1.18943774700165,5.05021047592163,295.792846679688,"201405.nc4","Myrtle Beach-Socastee, SC-NC"
1,3.01602321997052e-05,0,0.0157863087952137,1.17142999172211,4.66868019104004,299.135833740234,"201406.nc4","Myrtle Beach-Socastee, SC-NC"
1,4.79642512800638e-05,0,0.0171050783246756,1.16779208183289,4.92057752609253,299.915344238281,"201407.nc4","Myrtle Beach-Socastee, SC-NC"
1,0.00012130899267504,0,0.0177068822085857,1.16774117946625,4.17333793640137,299.662048339844,"201408.nc4","Myrtle Beach-Socastee, SC-NC"
1,5.94122539041564e-05,0,0.0165503993630409,1.18131244182587,4.74632692337036,296.981018066406,"201409.nc4","Myrtle Beach-Socastee, SC-NC"
1,9.70040036918363e-06,0,0.0119310282170773,1.197793841362,4.73445892333984,293.289825439453,"201410.nc4","Myrtle Beach-Socastee, SC-NC"
1,7.75269072619267e-05,1.47223011559561e-09,0.00764652574434876,1.24042677879333,5.46005392074585,285.171325683594,"201411.nc4","Myrtle Beach-Socastee, SC-NC"
1,3.38997706421651e-05,1.59466234298357e-14,0.00768366595730186,1.24601471424103,4.75699329376221,284.118988037109,"201412.nc4","Myrtle Beach-Socastee, SC-NC"
1,3.92411384382285e-05,2.21539579570162e-07,0.00648235157132149,1.25966548919678,5.76466417312622,281.520202636719,"201501.nc4","Myrtle Beach-Socastee, SC-NC"
1,5.67742317798547e-05,1.88454248473136e-06,0.00532694766297936,1.26927506923676,6.18068790435791,279.058868408203,"201502.nc4","Myrtle Beach-Socastee, SC-NC"
1,3.86873180104885e-05,5.30009103272278e-08,0.00884566269814968,1.23268592357635,5.75659275054932,286.973937988281,"201503.nc4","Myrtle Beach-Socastee, SC-NC"
1,8.23341979412362e-05,0,0.0114338947460055,1.20544373989105,5.68576097488403,291.62109375,"201504.nc4","Myrtle Beach-Socastee, SC-NC"
1,2.93039756797953e-05,0,0.0130971046164632,1.19350373744965,5.24579238891602,295.464141845703,"201505.nc4","Myrtle Beach-Socastee, SC-NC"
1,3.40933802362997e-05,0,0.0166347716003656,1.16645014286041,4.80614900588989,300.247619628906,"201506.nc4","Myrtle Beach-Socastee, SC-NC"
1,2.17443684960017e-05,0,0.0173768885433674,1.16101503372192,4.90496635437012,301.022430419922,"201507.nc4","Myrtle Beach-Socastee, SC-NC"
1,5.1954291848233e-05,0,0.0175186339765787,1.16702997684479,4.30405616760254,299.801605224609,"201508.nc4","Myrtle Beach-Socastee, SC-NC"
1,4.08033920393791e-05,0,0.0164648480713367,1.17614674568176,5.02085304260254,297.693634033203,"201509.nc4","Myrtle Beach-Socastee, SC-NC"
1,6.92452522343956e-05,0,0.0126030221581459,1.20169651508331,5.65607213973999,292.419067382812,"201510.nc4","Myrtle Beach-Socastee, SC-NC"
1,4.24955469497945e-05,4.8009742747079e-14,0.011035893112421,1.2205183506012,5.06968879699707,289.684204101562,"201511.nc4","Myrtle Beach-Socastee, SC-NC"
1,3.60499470843934e-05,0,0.0112776858732104,1.21910572052002,5.10022354125977,289.6181640625,"201512.nc4","Myrtle Beach-Socastee, SC-NC"
1,4.13854468206409e-05,4.60364475429742e-07,0.00621564825996757,1.25925076007843,5.50271415710449,280.681457519531,"201601.nc4","Myrtle Beach-Socastee, SC-NC"
1,6.23781234025955e-05,3.4863314795075e-06,0.0070851631462574,1.25019705295563,6.50247430801392,282.742401123047,"201602.nc4","Myrtle Beach-Socastee, SC-NC"
1,3.13743585138582e-05,0,0.00999412406235933,1.21808636188507,5.51460790634155,289.420654296875,"201603.nc4","Myrtle Beach-Socastee, SC-NC"
1,1.85757762665162e-05,0,0.00982733350247145,1.21423375606537,6.14369297027588,290.384399414062,"201604.nc4","Myrtle Beach-Socastee, SC-NC"
1,8.35009705042467e-05,0,0.0129865258932114,1.19026446342468,5.08725166320801,294.800872802734,"201605.nc4","Myrtle Beach-Socastee, SC-NC"
1,5.24919378221966e-05,0,0.0162139851599932,1.16956913471222,4.94548511505127,299.383453369141,"201606.nc4","Myrtle Beach-Socastee, SC-NC"
1,2.0406318071764e-05,0,0.0183264650404453,1.16134321689606,4.83592510223389,301.575439453125,"201607.nc4","Myrtle Beach-Socastee, SC-NC"
1,6.19312850176357e-05,0,0.0183245074003935,1.16534554958344,4.52405023574829,300.770965576172,"201608.nc4","Myrtle Beach-Socastee, SC-NC"
1,9.32364418986253e-05,0,0.0173326693475246,1.1750967502594,4.89907073974609,298.150329589844,"201609.nc4","Myrtle Beach-Socastee, SC-NC"
1,8.41832516016439e-05,0,0.0124779818579555,1.20166552066803,5.66927623748779,293.136413574219,"201610.nc4","Myrtle Beach-Socastee, SC-NC"
1,1.43547222251073e-05,0,0.0085282027721405,1.23052179813385,5.21544504165649,287.502349853516,"201611.nc4","Myrtle Beach-Socastee, SC-NC"
1,3.77682154066861e-05,4.65064147192606e-08,0.00757045857608318,1.24638223648071,5.31096172332764,284.363739013672,"201612.nc4","Myrtle Beach-Socastee, SC-NC"
2,3.10659415845294e-05,1.26904751596157e-06,0.00636594230309129,1.23207890987396,7.41441106796265,284.304504394531,"200001.nc4","College Station-Bryan, TX"
2,1.96489818335976e-05,7.94582149751006e-27,0.00800119061022997,1.21322095394135,7.20866250991821,288.210845947266,"200002.nc4","College Station-Bryan, TX"
2,3.07554873870686e-05,0,0.0099516874179244,1.19607174396515,6.74389743804932,290.594604492188,"200003.nc4","College Station-Bryan, TX"
2,1.3321719961823e-05,0,0.0104049304500222,1.18894124031067,6.83868217468262,292.431549072266,"200004.nc4","College Station-Bryan, TX"
2,5.36675142939202e-05,0,0.0157828014343977,1.16092538833618,6.90767955780029,297.631927490234,"200005.nc4","College Station-Bryan, TX"
2,2.65357994067017e-05,0,0.0164880286902189,1.15521430969238,6.28888893127441,299.704376220703,"200006.nc4","College Station-Bryan, TX"
2,2.09924519367632e-06,0,0.0130222234874964,1.13998162746429,5.58607387542725,303.860931396484,"200007.nc4","College Station-Bryan, TX"
2,3.51977791979152e-06,0,0.0131958043202758,1.14161324501038,5.10171556472778,303.771667480469,"200008.nc4","College Station-Bryan, TX"
2,1.62495798576856e-05,0,0.0122250700369477,1.15550339221954,5.52544641494751,299.947540283203,"200009.nc4","College Station-Bryan, TX"
2,2.08880865102401e-05,0,0.011508472263813,1.18577146530151,6.32856702804565,294.149841308594,"200010.nc4","College Station-Bryan, TX"
2,0.000116376402729657,0,0.00845628976821899,1.2216922044754,6.46338939666748,285.401397705078,"200011.nc4","College Station-Bryan, TX"
2,4.38906099589076e-05,3.29407407662075e-06,0.00528682628646493,1.26019215583801,6.58295011520386,278.764434814453,"200012.nc4","College Station-Bryan, TX"
2,4.97107903356664e-05,5.40528276360419e-07,0.00580766657367349,1.25167751312256,5.85688400268555,280.095611572266,"200101.nc4","College Station-Bryan, TX"
2,3.83192600565962e-05,4.23725332598934e-10,0.00873302388936281,1.22387874126434,7.25373888015747,285.61865234375,"200102.nc4","College Station-Bryan, TX"
2,6.82689787936397e-05,0,0.00787939690053463,1.2222706079483,6.03660726547241,285.042388916016,"200103.nc4","College Station-Bryan, TX"
2,2.09427635127213e-05,0,0.0134456278756261,1.18345367908478,7.26492738723755,293.559600830078,"200104.nc4","College Station-Bryan, TX"
2,2.17100368899992e-05,0,0.0151191195473075,1.16699004173279,6.31417608261108,296.7314453125,"200105.nc4","College Station-Bryan, TX"
2,8.63528475747444e-05,0,0.0173049718141556,1.15659332275391,5.99701738357544,298.913513183594,"200106.nc4","College Station-Bryan, TX"
2,1.28247129396186e-05,0,0.01744294911623,1.14639055728912,4.98697900772095,301.653839111328,"200107.nc4","College Station-Bryan, TX"
2,7.81848648330197e-05,0,0.0153780309483409,1.14558684825897,5.40606307983398,302.269836425781,"200108.nc4","College Station-Bryan, TX"
2,6.49922585580498e-05,0,0.0163226779550314,1.16567635536194,4.83931636810303,297.140258789062,"200109.nc4","College Station-Bryan, TX"
2,2.5408520741621e-05,0,0.0108199259266257,1.19530284404755,6.28688812255859,291.643676757812,"200110.nc4","College Station-Bryan, TX"
2,3.4364806197118e-05,1.30814964904857e-06,0.00960033480077982,1.20527422428131,5.96677589416504,289.505981445312,"200111.nc4","College Station-Bryan, TX"
2,6.83031976222992e-05,1.64073066244441e-09,0.00746294995769858,1.2285749912262,6.57519674301147,284.372131347656,"200112.nc4","College Station-Bryan, TX"
2,3.39173748216126e-05,2.30475083462522e-09,0.00697452574968338,1.23360347747803,7.34762096405029,283.402404785156,"200201.nc4","College Station-Bryan, TX"
2,2.6065319616464e-05,3.31307973056028e-07,0.00576608628034592,1.24442481994629,6.68217897415161,282.108917236328,"200202.nc4","College Station-Bryan, TX"
2,2.77029776043491e-05,4.64847849102057e-09,0.00888440664857626,1.21556222438812,8.24723815917969,286.76416015625,"200203.nc4","College Station-Bryan, TX"
2,4.30027030233759e-05,0,0.0130963427945971,1.17817401885986,7.08011484146118,294.576202392578,"200204.nc4","College Station-Bryan, TX"
2,8.26798077468993e-06,0,0.0124880820512772,1.16491150856018,7.44820261001587,297.534423828125,"200205.nc4","College Station-Bryan, TX"
2,2.43471477006096e-05,0,0.015053148381412,1.15090894699097,5.06905841827393,300.504486083984,"200206.nc4","College Station-Bryan, TX"
2,2.62665325863054e-05,0,0.0183132942765951,1.15117049217224,5.18129396438599,300.752380371094,"200207.nc4","College Station-Bryan, TX"
2,1.43878578455769e-05,0,0.0166262444108725,1.14624583721161,4.99982023239136,301.829193115234,"200208.nc4","College Station-Bryan, TX"
2,2.29906381719047e-05,0,0.0138799017295241,1.15411853790283,5.909836769104,299.587646484375,"200209.nc4","College Station-Bryan, TX"
2,9.49901223066263e-05,0,0.0122605431824923,1.18282866477966,5.51713705062866,293.341827392578,"200210.nc4","College Station-Bryan, TX"
2,6.33470335742459e-05,0,0.00771480659022927,1.22366738319397,6.69558429718018,285.713836669922,"200211.nc4","College Station-Bryan, TX"
2,6.1350547184702e-05,8.53369272135751e-07,0.00721669755876064,1.23264360427856,7.13546466827393,283.294708251953,"200212.nc4","College Station-Bryan, TX"
2,1.2919550499646e-05,7.10748366827829e-08,0.00591596402227879,1.25204181671143,6.43064880371094,280.630920410156,"200301.nc4","College Station-Bryan, TX"
2,0.000119917371193878,4.33712784797535e-06,0.00704852398484945,1.23602330684662,6.98597764968872,282.166290283203,"200302.nc4","College Station-Bryan, TX"
2,3.05234607367311e-05,1.05806769595818e-11,0.0090980650857091,1.2094863653183,6.03770351409912,286.988952636719,"200303.nc4","College Station-Bryan, TX"
2,2.63332603935851e-05,0,0.0119612328708172,1.18603932857513,6.9619083404541,292.429016113281,"200304.nc4","College Station-Bryan, TX"
2,1.52216507558478e-05,0,0.0150252869352698,1.15792334079742,6.44630146026611,298.237518310547,"200305.nc4","College Station-Bryan, TX"
2,3.81074096367229e-05,0,0.016643151640892,1.14790976047516,4.92448663711548,300.380554199219,"200306.nc4","College Station-Bryan, TX"
2,2.71613153017825e-05,0,0.01722601801157,1.14863741397858,5.02037382125854,301.355926513672,"200307.nc4","College Station-Bryan, TX"
2,2.51328583544819e-05,0,0.0162368733435869,1.14439964294434,4.67782878875732,302.359771728516,"200308.nc4","College Station-Bryan, TX"
2,4.35198453487828e-05,0,0.0146387098357081,1.16629266738892,4.66226577758789,297.258117675781,"200309.nc4","College Station-Bryan, TX"
2,2.05372361961054e-05,0,0.0120361605659127,1.18104088306427,5.46899366378784,294.105529785156,"200310.nc4","College Station-Bryan, TX"
2,2.68523890554206e-05,1.23225767997971e-31,0.00987095944583416,1.20401608943939,7.24312114715576,289.679077148438,"200311.nc4","College Station-Bryan, TX"
2,3.39466241712216e-05,0,0.0061243548989296,1.23459732532501,7.41186141967773,283.553039550781,"200312.nc4","College Station-Bryan, TX"
2,4.40760995843448e-05,1.1156717910632e-11,0.00705723091959953,1.23367476463318,6.70720386505127,283.564605712891,"200401.nc4","College Station-Bryan, TX"
2,7.04464837326668e-05,3.04214427160332e-06,0.00647441251203418,1.23946189880371,6.70849657058716,282.079467773438,"200402.nc4","College Station-Bryan, TX"
2,2.92142285616137e-05,0,0.0107072237879038,1.20062899589539,6.45968103408813,290.615600585938,"200403.nc4","College Station-Bryan, TX"
2,6.36809127172455e-05,0,0.0117567200213671,1.18955397605896,6.77163314819336,291.938140869141,"200404.nc4","College Station-Bryan, TX"
2,4.10916945838835e-05,0,0.0155282830819488,1.17074978351593,7.06670379638672,295.849670410156,"200405.nc4","College Station-Bryan, TX"
2,0.00011434915359132,0,0.0187664516270161,1.15675389766693,5.15126276016235,298.721313476562,"200406.nc4","College Station-Bryan, TX"
2,1.63003314810339e-05,0,0.018823629245162,1.15145337581635,4.84719133377075,300.268859863281,"200407.nc4","College Station-Bryan, TX"
2,1.67025627888506e-05,0,0.0163234286010265,1.15169906616211,5.00841856002808,300.718811035156,"200408.nc4","College Station-Bryan, TX"
2,1.79223025043029e-05,0,0.0137683125212789,1.15721964836121,4.79264163970947,299.494659423828,"200409.nc4","College Station-Bryan, TX"
2,9.2995549493935e-05,0,0.0146454321220517,1.16657936573029,6.29382228851318,296.488952636719,"200410.nc4","College Station-Bryan, TX"
2,7.5364179792814e-05,0,0.00971335079520941,1.20767486095428,6.55240392684937,288.535705566406,"200411.nc4","College Station-Bryan, TX"
2,1.44423120218562e-05,5.08875330762493e-10,0.00666252849623561,1.23955655097961,6.3600058555603,282.794738769531,"200412.nc4","College Station-Bryan, TX"
2,3.90780769521371e-05,2.26835680905424e-07,0.00763225695118308,1.23550868034363,6.89977264404297,283.538421630859,"200501.nc4","College Station-Bryan, TX"
2,5.6218275858555e-05,0,0.00814354978501797,1.22603940963745,6.0247745513916,284.984100341797,"200502.nc4","College Station-Bryan, TX"
2,3.87175095966086e-05,0,0.00883151404559612,1.20936465263367,6.59241819381714,287.144866943359,"200503.nc4","College Station-Bryan, TX"
2,1.93417417904129e-05,0,0.010708219371736,1.19145667552948,7.35803985595703,291.416656494141,"200504.nc4","College Station-Bryan, TX"
2,3.20208673656452e-05,0,0.013253859244287,1.16970181465149,5.32979536056519,296.162628173828,"200505.nc4","College Station-Bryan, TX"
2,4.9506393224874e-06,0,0.0141704054549336,1.14315378665924,4.99675226211548,302.087036132812,"200506.nc4","College Station-Bryan, TX"
2,1.89467300515389e-05,0,0.0160248801112175,1.14316475391388,4.2440242767334,302.612030029297,"200507.nc4","College Station-Bryan, TX"
2,1.7618036508793e-05,0,0.0181531943380833,1.14533996582031,3.99342012405396,301.723388671875,"200508.nc4","College Station-Bryan, TX"
2,2.5040806576726e-05,0,0.0149395121261477,1.14816653728485,5.18912410736084,301.617645263672,"200509.nc4","College Station-Bryan, TX"
2,4.79926347907167e-05,0,0.00957484915852547,1.18394672870636,5.52085113525391,294.072326660156,"200510.nc4","College Station-Bryan, TX"
2,7.6529404395842e-06,0,0.00837413873523474,1.20323896408081,6.50407981872559,289.951721191406,"200511.nc4","College Station-Bryan, TX"
2,1.72957152244635e-05,1.71036936080782e-06,0.0050342227332294,1.23731470108032,6.5667290687561,282.918151855469,"200512.nc4","College Station-Bryan, TX"
2,2.29811703320593e-05,0,0.00594270555302501,1.22002184391022,7.70803594589233,286.373352050781,"200601.nc4","College Station-Bryan, TX"
2,3.67999491572846e-05,4.47452265461834e-07,0.00648722099140286,1.23340904712677,6.83341884613037,283.51806640625,"200602.nc4","College Station-Bryan, TX"
2,4.14231180911884e-05,1.45643295600822e-12,0.00966722518205643,1.19989466667175,7.42275238037109,290.057159423828,"200603.nc4","College Station-Bryan, TX"
2,1.83534066309221e-05,0,0.0123619418591261,1.17493057250977,6.84650039672852,294.856903076172,"200604.nc4","College Station-Bryan, TX"
2,2.25617532123579e-05,0,0.0135140884667635,1.16415512561798,6.31962728500366,297.271881103516,"200605.nc4","College Station-Bryan, TX"
2,1.92374263860984e-05,0,0.0143597796559334,1.15270280838013,4.88318252563477,300.546691894531,"200606.nc4","College Station-Bryan, TX"
2,0.000103643105830997,0,0.0169745087623596,1.15051794052124,5.14554834365845,300.765533447266,"200607.nc4","College Station-Bryan, TX"
2,1.4004117474542e-05,0,0.0162337776273489,1.14393162727356,5.00540018081665,302.234802246094,"200608.nc4","College Station-Bryan, TX"
2,4.14284877479076e-05,0,0.0128000378608704,1.15937352180481,5.60296154022217,298.882293701172,"200609.nc4","College Station-Bryan, TX"
2,6.16018805885687e-05,0,0.0119452886283398,1.18180310726166,6.05021619796753,293.738037109375,"200610.nc4","College Station-Bryan, TX"
2,3.17464000545442e-05,7.47391538880038e-07,0.00900401920080185,1.21240818500519,6.96270942687988,287.678741455078,"200611.nc4","College Station-Bryan, TX"
2,3.36282828357071e-05,1.23852550437675e-09,0.0069668497890234,1.23534834384918,6.51747035980225,283.700347900391,"200612.nc4","College Station-Bryan, TX"
2,5.40617002116051e-05,9.411729479325e-06,0.00565118901431561,1.25490415096283,5.88835287094116,279.690399169922,"200701.nc4","College Station-Bryan, TX"
2,8.98023336048936e-06,3.94836199291149e-08,0.00700432853773236,1.23510241508484,6.61545944213867,282.938415527344,"200702.nc4","College Station-Bryan, TX"
2,3.99529817514122e-05,0,0.0108772935345769,1.20064735412598,6.73239183425903,290.192230224609,"200703.nc4","College Station-Bryan, TX"
2,6.10791757935658e-05,8.94597405931563e-07,0.0108861662447453,1.19788467884064,6.02636623382568,290.231872558594,"200704.nc4","College Station-Bryan, TX"
2,5.79216139158234e-05,0,0.015555165708065,1.17189335823059,5.40785646438599,295.645080566406,"200705.nc4","College Station-Bryan, TX"
2,7.22892946214415e-05,0,0.0188910812139511,1.15522646903992,4.91358041763306,298.861999511719,"200706.nc4","College Station-Bryan, TX"
2,9.47599910432473e-05,0,0.0189957972615957,1.15700376033783,4.61520147323608,298.715576171875,"200707.nc4","College Station-Bryan, TX"
2,2.48710075538838e-05,0,0.0195746384561062,1.14717483520508,4.52192068099976,301.187164306641,"200708.nc4","College Station-Bryan, TX"
2,2.43723279709229e-05,0,0.0158748403191566,1.15657520294189,4.3648362159729,299.524139404297,"200709.nc4","College Station-Bryan, TX"
2,2.91152591671562e-05,0,0.0112106390297413,1.17788791656494,5.97878217697144,294.886413574219,"200710.nc4","College Station-Bryan, TX"
2,6.04247652518097e-05,1.35890317665144e-07,0.00862128846347332,1.20932602882385,6.22733449935913,288.993225097656,"200711.nc4","College Station-Bryan, TX"
2,2.64925165538443e-05,2.46096220658798e-12,0.00728918146342039,1.22645711898804,6.70419359207153,284.723754882812,"200712.nc4","College Station-Bryan, TX"
2,2.17006090679206e-05,5.80480048029131e-07,0.00575753580778837,1.24616503715515,7.03657627105713,281.509521484375,"200801.nc4","College Station-Bryan, TX"
2,2.82843557215529e-05,2.38051918265538e-15,0.00771378353238106,1.21980941295624,7.4499306678772,285.732177734375,"200802.nc4","College Station-Bryan, TX"
2,3.86693463951815e-05,2.50889547714905e-06,0.00927179213613272,1.20837152004242,8.19150924682617,287.970977783203,"200803.nc4","College Station-Bryan, TX"
2,4.04607126256451e-05,0,0.0109303239732981,1.18818819522858,7.25059366226196,292.189605712891,"200804.nc4","College Station-Bryan, TX"
2,3.88425360142719e-05,0,0.0138468714430928,1.16260135173798,6.71244239807129,297.018463134766,"200805.nc4","College Station-Bryan, TX"
2,8.82449148775777e-06,0,0.0149064464494586,1.14587724208832,6.80343770980835,301.7880859375,"200806.nc4","College Station-Bryan, TX"
2,8.11002973932773e-06,0,0.0142581714317203,1.14547991752625,5.3907732963562,302.287902832031,"200807.nc4","College Station-Bryan, TX"
2,6.56197080388665e-05,0,0.0177424345165491,1.14582717418671,4.62389183044434,301.030303955078,"200808.nc4","College Station-Bryan, TX"
2,3.47925415553618e-05,0,0.0142229776829481,1.16515576839447,5.63738346099854,297.409973144531,"200809.nc4","College Station-Bryan, TX"
2,1.15677976282313e-05,0,0.00995838083326817,1.19114029407501,5.58843803405762,293.075469970703,"200810.nc4","College Station-Bryan, TX"
2,2.71699009317672e-05,0,0.00783105473965406,1.21066582202911,6.40528583526611,288.520080566406,"200811.nc4","College Station-Bryan, TX"
2,1.73125372384675e-05,3.56132517254082e-07,0.00624478189274669,1.23364496231079,7.6022367477417,283.648223876953,"200812.nc4","College Station-Bryan, TX"
2,1.80749029823346e-05,7.64565129429684e-07,0.0052886581979692,1.23680472373962,7.09405374526978,283.169830322266,"200901.nc4","College Station-Bryan, TX"
2,1.53880700963782e-05,0,0.00706245098263025,1.21695780754089,8.15458488464355,287.287475585938,"200902.nc4","College Station-Bryan, TX"
2,4.18005001847632e-05,5.26790091583129e-13,0.00840960070490837,1.20832455158234,7.29679584503174,288.376525878906,"200903.nc4","College Station-Bryan, TX"
2,4.71732018922921e-05,0,0.0101751331239939,1.19150543212891,8.04703330993652,291.387878417969,"200904.nc4","College Station-Bryan, TX"
2,1.72831623785896e-05,0,0.0146069414913654,1.16686916351318,5.68251943588257,296.584381103516,"200905.nc4","College Station-Bryan, TX"
2,6.05314335189178e-06,0,0.0140568260103464,1.14265334606171,6.01829481124878,302.171813964844,"200906.nc4","College Station-Bryan, TX"
2,1.21303683044971e-05,0,0.0152294393628836,1.13963556289673,5.17140102386475,303.432189941406,"200907.nc4","College Station-Bryan, TX"
2,1.43045690492727e-05,0,0.0156262721866369,1.14388108253479,5.03775072097778,302.543884277344,"200908.nc4","College Station-Bryan, TX"
2,4.72527462989092e-05,0,0.0152856931090355,1.16335546970367,4.70680809020996,297.4970703125,"200909.nc4","College Station-Bryan, TX"
2,0.000112163368612528,0,0.0124982465058565,1.1875776052475,6.79642915725708,291.847991943359,"200910.nc4","College Station-Bryan, TX"
2,3.1202427635435e-05,0,0.00919696781784296,1.20986783504486,5.50093746185303,288.403991699219,"200911.nc4","College Station-Bryan, TX"
2,3.35930453729816e-05,4.53853887805167e-09,0.0056233573704958,1.24884843826294,6.00423097610474,279.824798583984,"200912.nc4","College Station-Bryan, TX"
2,2.94752753688954e-05,1.16304455843874e-07,0.00576521828770638,1.24969458580017,6.34134817123413,280.301239013672,"201001.nc4","College Station-Bryan, TX"
2,3.94821181544103e-05,1.5232442819979e-05,0.00527792144566774,1.25238633155823,6.03920984268188,279.075531005859,"201002.nc4","College Station-Bryan, TX"
2,2.91532196570188e-05,5.07814490902092e-07,0.00768442964181304,1.21780145168304,6.957359790802,285.783386230469,"201003.nc4","College Station-Bryan, TX"
2,2.04215539270081e-05,0,0.0113099897280335,1.18617916107178,6.89271116256714,292.278472900391,"201004.nc4","College Station-Bryan, TX"
2,1.34503352455795e-05,0,0.0137185109779239,1.15757942199707,6.20927762985229,298.628875732422,"201005.nc4","College Station-Bryan, TX"
2,3.72462527593598e-05,0,0.0176455732434988,1.14644706249237,5.41327905654907,301.154296875,"201006.nc4","College Station-Bryan, TX"
2,5.32791564182844e-05,0,0.017830777913332,1.14625322818756,5.14389371871948,301.590637207031,"201007.nc4","College Station-Bryan, TX"
2,3.93130494558136e-06,0,0.0154799893498421,1.13580811023712,4.98090791702271,304.017761230469,"201008.nc4","College Station-Bryan, TX"
2,1.95557404367719e-05,0,0.015619607642293,1.15352714061737,5.15319585800171,299.818969726562,"201009.nc4","College Station-Bryan, TX"
2,3.1972604119801e-06,0,0.00853534042835236,1.18139111995697,5.94485664367676,294.961639404297,"201010.nc4","College Station-Bryan, TX"
2,2.32068960031029e-05,0,0.00791902281343937,1.20891237258911,7.50803804397583,288.392211914062,"201011.nc4","College Station-Bryan, TX"
2,1.8421185814077e-05,1.74950542941588e-07,0.00562113570049405,1.23119390010834,7.50556373596191,283.936950683594,"201012.nc4","College Station-Bryan, TX"
2,4.95607491757255e-05,1.0303203453077e-05,0.00488357292488217,1.24688911437988,5.80275583267212,280.668792724609,"201101.nc4","College Station-Bryan, TX"
2,1.5747273209854e-05,3.50737946064328e-06,0.00679150084033608,1.23424506187439,7.89631128311157,283.258666992188,"201102.nc4","College Station-Bryan, TX"
2,8.63011882756837e-06,0,0.00839985534548759,1.20015704631805,7.29446649551392,290.125244140625,"201103.nc4","College Station-Bryan, TX"
2,9.99131589196622e-06,0,0.0102935219183564,1.16826593875885,9.03875732421875,295.999114990234,"201104.nc4","College Station-Bryan, TX"
2,1.59540377353551e-05,0,0.0118856308981776,1.16325402259827,8.13807678222656,297.343139648438,"201105.nc4","College Station-Bryan, TX"
2,2.49868071477977e-06,0,0.0140827838331461,1.14050805568695,6.59325122833252,303.00537109375,"201106.nc4","College Station-Bryan, TX"
2,2.94165533887281e-06,0,0.0141910668462515,1.13647758960724,5.14703750610352,304.081939697266,"201107.nc4","College Station-Bryan, TX"
2,1.61639297857619e-06,0,0.0132725117728114,1.12902903556824,5.21099281311035,305.856781005859,"201108.nc4","College Station-Bryan, TX"
2,2.71866542789212e-06,0,0.0103008169680834,1.15201485157013,5.90968227386475,300.985168457031,"201109.nc4","College Station-Bryan, TX"
2,1.43528959597461e-05,0,0.00910583138465881,1.18324565887451,5.98482751846313,294.231719970703,"201110.nc4","College Station-Bryan, TX"
2,3.56827113137115e-05,0,0.00836710631847382,1.20653319358826,7.70855140686035,289.147674560547,"201111.nc4","College Station-Bryan, TX"
2,5.12941805936862e-05,7.00058344627053e-10,0.00648124003782868,1.23871695995331,6.21118021011353,282.832550048828,"201112.nc4","College Station-Bryan, TX"
2,4.30837972089648e-05,2.39162197363703e-20,0.00704410439357162,1.22832596302032,7.29492521286011,284.616607666016,"201201.nc4","College Station-Bryan, TX"
2,5.9535068430705e-05,2.20837350041133e-15,0.00823843572288752,1.22359263896942,6.55651712417603,285.495178222656,"201202.nc4","College Station-Bryan, TX"
2,0.000106931140180677,0,0.011624263599515,1.19281554222107,7.01325368881226,291.271148681641,"201203.nc4","College Station-Bryan, TX"
2,1.6833584595588e-05,0,0.0131875788792968,1.17934226989746,6.47650718688965,293.901397705078,"201204.nc4","College Station-Bryan, TX"
2,2.23589522647671e-05,0,0.014634340070188,1.16194832324982,5.71440553665161,297.701629638672,"201205.nc4","College Station-Bryan, TX"
2,2.53596790571464e-05,0,0.015657814219594,1.14689862728119,5.02001476287842,301.111968994141,"201206.nc4","College Station-Bryan, TX"
2,2.91197939077392e-05,0,0.0172639675438404,1.15038084983826,4.91625308990479,300.717681884766,"201207.nc4","College Station-Bryan, TX"
2,9.43781651585596e-06,0,0.0154370293021202,1.14268970489502,5.45932483673096,302.370910644531,"201208.nc4","College Station-Bryan, TX"
2,2.58528216363629e-05,0,0.0133210876956582,1.15861880779266,5.26612710952759,299.323394775391,"201209.nc4","College Station-Bryan, TX"
2,5.97514053879422e-06,0,0.0109314871951938,1.1863352060318,6.33632659912109,293.075561523438,"201210.nc4","College Station-Bryan, TX"
2,6.15264661973924e-06,0,0.00784573238343,1.20991802215576,5.79662561416626,289.302734375,"201211.nc4","College Station-Bryan, TX"
2,1.92562783922767e-05,2.16261564212061e-09,0.00730105023831129,1.22078359127045,6.95980358123779,285.755828857422,"201212.nc4","College Station-Bryan, TX"
2,8.63379173097201e-05,7.84093117545126e-07,0.00718913692981005,1.23380541801453,6.70489740371704,283.6875,"201301.nc4","College Station-Bryan, TX"
2,2.20191486732801e-05,0,0.00710127921774983,1.2214720249176,7.10659170150757,285.365509033203,"201302.nc4","College Station-Bryan, TX"
2,1.97981571545824e-05,2.49553032208519e-16,0.00758214807137847,1.21569538116455,7.54824161529541,287.112976074219,"201303.nc4","College Station-Bryan, TX"
2,2.05988690140657e-05,0,0.0101058287546039,1.19176685810089,6.90476894378662,291.320739746094,"201304.nc4","College Station-Bryan, TX"
2,1.69261365954299e-05,0,0.0127581479027867,1.17206537723541,7.16814136505127,295.793701171875,"201305.nc4","College Station-Bryan, TX"
2,9.40645895752823e-06,0,0.0149082317948341,1.14674949645996,5.38341283798218,301.552734375,"201306.nc4","College Station-Bryan, TX"
2,4.2823809053516e-05,0,0.0146031668409705,1.1480678319931,5.29835319519043,301.627105712891,"201307.nc4","College Station-Bryan, TX"
2,1.11718209154787e-05,0,0.0148223312571645,1.14358913898468,4.79353857040405,302.794219970703,"201308.nc4","College Station-Bryan, TX"
2,7.37395093892701e-05,0,0.0143539868295193,1.1501898765564,4.70883703231812,300.675872802734,"201309.nc4","College Station-Bryan, TX"
2,9.90713233477436e-05,0,0.0126234665513039,1.18298411369324,5.69447803497314,293.667907714844,"201310.nc4","College Station-Bryan, TX"
2,2.53306843660539e-05,3.85819703296875e-06,0.00789634045213461,1.22939467430115,6.52653646469116,285.046966552734,"201311.nc4","College Station-Bryan, TX"
2,2.58380205195863e-05,4.20436253989465e-06,0.00630862917751074,1.24658334255219,6.02127647399902,281.074737548828,"201312.nc4","College Station-Bryan, TX"
2,1.42549242809764e-05,3.54668577529083e-06,0.00531721441075206,1.25097298622131,7.50559234619141,280.468994140625,"201401.nc4","College Station-Bryan, TX"
2,3.1957941246219e-05,4.76063087262446e-06,0.00694286404177547,1.23655188083649,6.64105844497681,282.380004882812,"201402.nc4","College Station-Bryan, TX"
2,3.8627960748272e-05,4.47385218649288e-06,0.00809560157358646,1.22056019306183,6.94172143936157,285.625091552734,"201403.nc4","College Station-Bryan, TX"
2,1.85611479537329e-05,0,0.0103420438244939,1.18979156017303,7.24354076385498,291.684753417969,"201404.nc4","College Station-Bryan, TX"
2,4.96571228723042e-05,0,0.0130114676430821,1.17444634437561,6.85495042800903,295.314422607422,"201405.nc4","College Station-Bryan, TX"
2,3.50265872839373e-05,0,0.0177556034177542,1.1536568403244,6.11712789535522,299.3388671875,"201406.nc4","College Station-Bryan, TX"
2,2.87950369965984e-05,0,0.0166852977126837,1.15157544612885,4.58455038070679,300.910430908203,"201407.nc4","College Station-Bryan, TX"
2,1.18643865789636e-05,0,0.0158067941665649,1.14616096019745,5.204833984375,301.792694091797,"201408.nc4","College Station-Bryan, TX"
2,4.33542882092297e-05,0,0.015469228848815,1.15737402439117,4.8256664276123,299.349029541016,"201409.nc4","College Station-Bryan, TX"
2,1.64448683790397e-05,0,0.0119526777416468,1.17643535137177,6.03715753555298,295.102264404297,"201410.nc4","College Station-Bryan, TX"
2,3.32557756337337e-05,1.37528910482132e-09,0.00701499870046973,1.22770071029663,7.19214630126953,285.211242675781,"201411.nc4","College Station-Bryan, TX"
2,4.04232450819109e-05,0,0.00748795224353671,1.22867119312286,6.19358444213867,284.653961181641,"201412.nc4","College Station-Bryan, TX"
2,4.81422030134127e-05,2.10343114304123e-06,0.00549530843272805,1.25248730182648,6.0211877822876,280.579193115234,"201501.nc4","College Station-Bryan, TX"
2,2.28243225137703e-05,4.80613789477502e-06,0.00653871754184365,1.24199938774109,6.5888819694519,282.039733886719,"201502.nc4","College Station-Bryan, TX"
2,8.8503526058048e-05,1.410834215676e-06,0.00971629191190004,1.21356379985809,5.85581398010254,287.619506835938,"201503.nc4","College Station-Bryan, TX"
2,3.33691568812355e-05,0,0.0135728511959314,1.17927277088165,6.20792675018311,293.522796630859,"201504.nc4","College Station-Bryan, TX"
2,0.000123944744700566,0,0.0166652370244265,1.1683201789856,6.36475086212158,296.296783447266,"201505.nc4","College Station-Bryan, TX"
2,6.71131565468386e-05,0,0.0192721206694841,1.15479385852814,5.07978963851929,299.354888916016,"201506.nc4","College Station-Bryan, TX"
2,6.23235291641322e-06,0,0.0185281839221716,1.1481968164444,5.95924139022827,301.14111328125,"201507.nc4","College Station-Bryan, TX"
2,1.00975266832393e-05,0,0.0148881897330284,1.14244949817657,4.72867107391357,302.797882080078,"201508.nc4","College Station-Bryan, TX"
2,2.72494871751405e-05,0,0.0134752932935953,1.15240335464478,4.65105485916138,300.433288574219,"201509.nc4","College Station-Bryan, TX"
2,6.56133415759541e-05,0,0.00983095355331898,1.17328310012817,6.44843626022339,296.113494873047,"201510.nc4","College Station-Bryan, TX"
2,9.07939756871201e-05,0,0.0100245196372271,1.20897614955902,6.26697778701782,288.36865234375,"201511.nc4","College Station-Bryan, TX"
2,5.56208215130027e-05,1.50800084225411e-11,0.00876295752823353,1.21564245223999,6.60824537277222,286.338226318359,"201512.nc4","College Station-Bryan, TX"
2,1.20477116070106e-05,1.01644692662717e-09,0.00624112831428647,1.24023568630219,6.23308753967285,282.037719726562,"201601.nc4","College Station-Bryan, TX"
2,4.3618849304039e-05,0,0.00779405562207103,1.22152066230774,7.30898714065552,286.166290283203,"201602.nc4","College Station-Bryan, TX"
2,7.11046159267426e-05,0,0.0107200471684337,1.19548654556274,7.3481183052063,290.294281005859,"201603.nc4","College Station-Bryan, TX"
2,3.13507225655485e-05,0,0.0126724410802126,1.18278086185455,6.0873556137085,293.227172851562,"201604.nc4","College Station-Bryan, TX"
2,7.05288184690289e-05,0,0.0154962483793497,1.171590924263,6.04465627670288,295.460906982422,"201605.nc4","College Station-Bryan, TX"
2,5.9074391174363e-05,0,0.0193507093936205,1.15394794940948,4.76296472549438,299.488128662109,"201606.nc4","College Station-Bryan, TX"
2,1.3436332665151e-05,0,0.0180670246481895,1.1458123922348,6.10431671142578,301.783966064453,"201607.nc4","College Station-Bryan, TX"
2,6.40355137875304e-05,0,0.0179418381303549,1.1482754945755,4.7330470085144,300.997833251953,"201608.nc4","College Station-Bryan, TX"
2,1.53051405504812e-05,0,0.017426798120141,1.15615224838257,4.47272539138794,299.578948974609,"201609.nc4","College Station-Bryan, TX"
2,6.18582635070197e-06,0,0.0125284884124994,1.17358720302582,5.2979097366333,296.341796875,"201610.nc4","College Station-Bryan, TX"
2,4.05481878260616e-05,0,0.0099202636629343,1.1980504989624,6.09233331680298,291.154968261719,"201611.nc4","College Station-Bryan, TX"
2,5.42046072951052e-05,6.44690550943849e-11,0.00744405901059508,1.22944450378418,7.05245685577393,284.644744873047,"201612.nc4","College Station-Bryan, TX"
3,4.46466383436928e-05,1.19776032079244e-05,0.00924974284134805,1.25149059295654,6.88036823272705,283.302124023438,"200001.nc4","Charleston-North Charleston, SC"
3,1.05399699350528e-05,1.94230542760465e-09,0.00967488181777298,1.24215316772461,6.22430992126465,285.693328857422,"200002.nc4","Charleston-North Charleston, SC"
3,3.09853194266907e-05,0,0.0109863681718707,1.21819031238556,6.63388919830322,289.427764892578,"200003.nc4","Charleston-North Charleston, SC"
3,2.025357207458e-05,0,0.0111552667804062,1.21112549304962,7.05799174308777,290.619445800781,"200004.nc4","Charleston-North Charleston, SC"
3,7.97055440671102e-06,0,0.0145844672806561,1.18404126167297,6.47797966003418,296.743438720703,"200005.nc4","Charleston-North Charleston, SC"
3,3.98800511902664e-05,0,0.0175907802768052,1.17602849006653,5.87529301643372,298.888656616211,"200006.nc4","Charleston-North Charleston, SC"
3,4.85915661556646e-05,0,0.0193710615858436,1.1644002199173,4.95895218849182,300.580337524414,"200007.nc4","Charleston-North Charleston, SC"
3,2.55132763413712e-05,0,0.0195464985445142,1.17043352127075,4.86054110527039,299.773849487305,"200008.nc4","Charleston-North Charleston, SC"
3,6.69385626679286e-05,0,0.0182404927909374,1.17908596992493,6.24018263816833,297.186004638672,"200009.nc4","Charleston-North Charleston, SC"
3,2.6368613816885e-06,0,0.0133552807383239,1.20797681808472,5.34086275100708,292.649459838867,"200010.nc4","Charleston-North Charleston, SC"
3,3.48016801581252e-05,2.1713073561358e-09,0.0113011533394456,1.22511011362076,5.67869353294373,288.237426757812,"200011.nc4","Charleston-North Charleston, SC"
3,3.9786982597434e-05,3.53067048308731e-06,0.00894414586946368,1.26408523321152,6.52484464645386,280.895980834961,"200012.nc4","Charleston-North Charleston, SC"
3,1.54425429172989e-05,1.02463459938917e-08,0.00891381199471653,1.25373023748398,6.4619288444519,282.557662963867,"200101.nc4","Charleston-North Charleston, SC"
3,1.97167737496784e-05,0,0.00984566332772374,1.23587810993195,6.07840394973755,286.903610229492,"200102.nc4","Charleston-North Charleston, SC"
3,4.59995371784316e-05,8.78322479851146e-13,0.00984761584550142,1.2237576842308,7.59212279319763,287.212814331055,"200103.nc4","Charleston-North Charleston, SC"
3,7.54662755753088e-06,0,0.0116216680034995,1.21162831783295,6.57668519020081,291.703750610352,"200104.nc4","Charleston-North Charleston, SC"
3,1.01330460893223e-05,0,0.01377057377249,1.18816804885864,5.90807247161865,296.028137207031,"200105.nc4","Charleston-North Charleston, SC"
3,4.98950339533621e-05,0,0.0179699114523828,1.17280566692352,5.47344541549683,299.011306762695,"200106.nc4","Charleston-North Charleston, SC"
3,9.62356534728315e-05,0,0.0197655633091927,1.16804587841034,5.3178608417511,299.919906616211,"200107.nc4","Charleston-North Charleston, SC"
3,4.19883253925946e-05,0,0.0202575800940394,1.1683634519577,5.00443029403687,300.130447387695,"200108.nc4","Charleston-North Charleston, SC"
3,3.64737588824937e-05,0,0.0176383038051426,1.18223148584366,5.25175905227661,296.838897705078,"200109.nc4","Charleston-North Charleston, SC"
3,8.92309253686108e-06,0,0.0131303099915385,1.20659589767456,6.34956812858582,292.962509155273,"200110.nc4","Charleston-North Charleston, SC"
3,9.36786500460585e-06,0,0.011881226208061,1.21171194314957,6.16311264038086,291.831207275391,"200111.nc4","Charleston-North Charleston, SC"
3,1.73116131918505e-05,0,0.0109966453164816,1.22308558225632,5.9855694770813,288.748031616211,"200112.nc4","Charleston-North Charleston, SC"
3,2.60575607171631e-05,2.69995439339255e-06,0.00894922367297113,1.24141836166382,6.54653263092041,284.904342651367,"200201.nc4","Charleston-North Charleston, SC"
3,2.82074461210868e-05,5.62346679944938e-13,0.00838018557988107,1.24247819185257,6.50289177894592,285.031875610352,"200202.nc4","Charleston-North Charleston, SC"
3,3.95756269426784e-05,3.06764162683049e-13,0.0109331947751343,1.22114491462708,6.30783176422119,289.505813598633,"200203.nc4","Charleston-North Charleston, SC"
3,2.08624514925759e-05,0,0.0131228729151189,1.19892662763596,6.45490384101868,294.228866577148,"200204.nc4","Charleston-North Charleston, SC"
3,2.12341974474839e-05,0,0.0144447730854154,1.19107866287231,6.24302172660828,295.604293823242,"200205.nc4","Charleston-North Charleston, SC"
3,5.62132299819496e-05,0,0.0176247931085527,1.17442202568054,5.49874830245972,298.665908813477,"200206.nc4","Charleston-North Charleston, SC"
3,6.51851023576455e-05,0,0.0202303305268288,1.16512185335159,5.23677039146423,300.763854980469,"200207.nc4","Charleston-North Charleston, SC"
3,6.39668905932922e-05,0,0.0195277063176036,1.169562458992,5.25883412361145,299.852523803711,"200208.nc4","Charleston-North Charleston, SC"
3,4.81147999380482e-05,0,0.0197295974940062,1.17073464393616,5.89696931838989,298.950897216797,"200209.nc4","Charleston-North Charleston, SC"
3,5.02656221215148e-05,0,0.0172761301510036,1.18808710575104,4.83646655082703,295.43620300293,"200210.nc4","Charleston-North Charleston, SC"
3,3.40907063218765e-05,3.77436233309214e-12,0.0120610725134611,1.22484004497528,5.66944670677185,288.086715698242,"200211.nc4","Charleston-North Charleston, SC"
3,7.31652326066978e-05,8.3858570087969e-10,0.00970157072879374,1.24497961997986,6.8466157913208,284.079849243164,"200212.nc4","Charleston-North Charleston, SC"
3,1.43566012411611e-05,8.09750752672755e-07,0.00790134514681995,1.26132047176361,7.10519862174988,280.840286254883,"200301.nc4","Charleston-North Charleston, SC"
3,3.98022639274132e-05,7.63117569135829e-08,0.00925147836096585,1.23947566747665,6.20129895210266,284.77001953125,"200302.nc4","Charleston-North Charleston, SC"
3,9.66062762017827e-05,0,0.0116983507759869,1.21237933635712,6.20621061325073,289.665756225586,"200303.nc4","Charleston-North Charleston, SC"
3,6.11248324275948e-05,0,0.0125712035223842,1.20739459991455,5.90965533256531,291.359146118164,"200304.nc4","Charleston-North Charleston, SC"
3,6.85185259499121e-05,0,0.0162749034352601,1.18319880962372,5.97330951690674,296.214797973633,"200305.nc4","Charleston-North Charleston, SC"
3,8.58764142321888e-05,0,0.0191254839301109,1.17092049121857,5.24468493461609,298.913925170898,"200306.nc4","Charleston-North Charleston, SC"
3,7.87705430411734e-05,0,0.0202359305694699,1.17077082395554,5.74710011482239,299.388092041016,"200307.nc4","Charleston-North Charleston, SC"
3,5.33046695636585e-05,0,0.0205295262858272,1.16984266042709,4.6726930141449,299.507385253906,"200308.nc4","Charleston-North Charleston, SC"
3,5.67577026231447e-05,0,0.0175533881410956,1.18099564313889,5.94183015823364,296.950149536133,"200309.nc4","Charleston-North Charleston, SC"
3,4.31578919233289e-05,0,0.0144311436451972,1.19527059793472,4.95253372192383,294.013259887695,"200310.nc4","Charleston-North Charleston, SC"
3,1.607207559573e-05,0,0.0128279710188508,1.21295535564423,5.89020204544067,291.214996337891,"200311.nc4","Charleston-North Charleston, SC"
3,3.0677301765536e-05,1.06999843013655e-11,0.00922909704968333,1.24687922000885,6.40602993965149,284.059616088867,"200312.nc4","Charleston-North Charleston, SC"
3,1.18991183626349e-05,2.00683983648696e-08,0.00840304349549115,1.2529491186142,6.5052924156189,282.656661987305,"200401.nc4","Charleston-North Charleston, SC"
3,5.36280404048739e-05,1.13108126242878e-06,0.00858397781848907,1.25159013271332,7.43706035614014,283.041351318359,"200402.nc4","Charleston-North Charleston, SC"
3,1.18564071271976e-05,0,0.0102369305677712,1.22654002904892,6.71688628196716,288.939086914062,"200403.nc4","Charleston-North Charleston, SC"
3,3.81285462935921e-05,0,0.0111404811032116,1.20789527893066,6.60909962654114,291.53303527832,"200404.nc4","Charleston-North Charleston, SC"
3,3.99525342800189e-05,0,0.0154097164049745,1.18558788299561,6.1133668422699,297.003494262695,"200405.nc4","Charleston-North Charleston, SC"
3,5.40335877303733e-05,0,0.0184555379673839,1.17078810930252,5.64147138595581,299.538925170898,"200406.nc4","Charleston-North Charleston, SC"
3,4.02919267799007e-05,0,0.0201390078291297,1.16253638267517,4.81014752388,300.75276184082,"200407.nc4","Charleston-North Charleston, SC"
3,7.2948620072566e-05,0,0.0196961807087064,1.16971391439438,5.34693145751953,299.190673828125,"200408.nc4","Charleston-North Charleston, SC"
3,5.5802840506658e-05,0,0.0183432148769498,1.17752301692963,7.90126943588257,297.44499206543,"200409.nc4","Charleston-North Charleston, SC"
3,2.67192253886606e-05,0,0.0156636387109756,1.1936901807785,5.15997099876404,294.466705322266,"200410.nc4","Charleston-North Charleston, SC"
3,2.35771358347847e-05,0,0.0124880014918745,1.21817380189896,6.13309025764465,290.269592285156,"200411.nc4","Charleston-North Charleston, SC"
3,2.4544240659452e-05,1.19730020742281e-05,0.00934990006498992,1.24617809057236,6.5537006855011,284.364944458008,"200412.nc4","Charleston-North Charleston, SC"
3,2.20900401473045e-05,9.82017813306018e-08,0.00969324260950089,1.24811840057373,6.91173958778381,284.40412902832,"200501.nc4","Charleston-North Charleston, SC"
3,4.94569576403592e-05,2.46061904185524e-09,0.00933742569759488,1.24130922555923,6.42169570922852,285.005432128906,"200502.nc4","Charleston-North Charleston, SC"
3,7.33694723749068e-05,1.20979068776728e-11,0.0095703424885869,1.22617489099503,7.3578794002533,286.523513793945,"200503.nc4","Charleston-North Charleston, SC"
3,3.74833998648683e-05,0,0.0107596046291292,1.21269190311432,7.40160155296326,290.004272460938,"200504.nc4","Charleston-North Charleston, SC"
3,3.78515269403579e-05,0,0.0139005850069225,1.19154804944992,5.51279783248901,294.515808105469,"200505.nc4","Charleston-North Charleston, SC"
3,7.54997272451874e-05,0,0.0187733573839068,1.17257738113403,5.48922443389893,298.419662475586,"200506.nc4","Charleston-North Charleston, SC"
3,5.30984762008302e-05,0,0.0219078054651618,1.16196584701538,4.81985282897949,301.177307128906,"200507.nc4","Charleston-North Charleston, SC"
3,9.62201884249225e-05,0,0.0220669116824865,1.16237962245941,4.33444857597351,300.784866333008,"200508.nc4","Charleston-North Charleston, SC"
3,1.98027191800065e-05,0,0.0187578918412328,1.17072755098343,6.38337373733521,299.332809448242,"200509.nc4","Charleston-North Charleston, SC"
3,8.41326545923948e-05,0,0.0157064264640212,1.19390857219696,6.28517270088196,293.875869750977,"200510.nc4","Charleston-North Charleston, SC"
3,3.1005059099698e-05,0,0.0121174436062574,1.21507340669632,6.17240929603577,290.468948364258,"200511.nc4","Charleston-North Charleston, SC"
3,4.71089078928344e-05,3.1638823505542e-11,0.00920291570946574,1.24392104148865,6.98248195648193,284.101425170898,"200512.nc4","Charleston-North Charleston, SC"
3,2.12878512684256e-05,2.56511663038889e-13,0.00957087241113186,1.23352295160294,6.8969521522522,286.415176391602,"200601.nc4","Charleston-North Charleston, SC"
3,5.4258029194898e-05,7.84331988246123e-10,0.0083013956900686,1.24467653036118,6.62494611740112,284.131149291992,"200602.nc4","Charleston-North Charleston, SC"
3,6.47149977339723e-06,0,0.00906875031068921,1.23016661405563,6.34384870529175,287.241622924805,"200603.nc4","Charleston-North Charleston, SC"
3,2.94756537186913e-05,0,0.0113331889733672,1.2018791437149,6.78348422050476,292.656890869141,"200604.nc4","Charleston-North Charleston, SC"
3,1.86308811862546e-05,0,0.0133830816484988,1.18696635961533,6.07140159606934,295.377044677734,"200605.nc4","Charleston-North Charleston, SC"
3,3.01562349704909e-05,0,0.0173076847568154,1.1723724603653,5.77986907958984,298.93537902832,"200606.nc4","Charleston-North Charleston, SC"
3,2.81668681054725e-05,0,0.0192765388637781,1.1675763130188,5.0146005153656,300.662567138672,"200607.nc4","Charleston-North Charleston, SC"
3,6.35084634268424e-05,0,0.0206724302843213,1.16218549013138,5.13244128227234,300.938446044922,"200608.nc4","Charleston-North Charleston, SC"
3,2.62145558735938e-05,0,0.0180556233972311,1.17712062597275,5.3833372592926,297.749877929688,"200609.nc4","Charleston-North Charleston, SC"
3,5.47733197890921e-05,0,0.0139465625397861,1.19991838932037,5.35540843009949,293.087783813477,"200610.nc4","Charleston-North Charleston, SC"
3,4.01343404519139e-05,4.4371310536917e-07,0.0107305878773332,1.22472953796387,6.46611905097961,287.984619140625,"200611.nc4","Charleston-North Charleston, SC"
3,2.93199045700021e-05,1.16535215722094e-12,0.0108474362641573,1.23324531316757,5.68741893768311,287.667907714844,"200612.nc4","Charleston-North Charleston, SC"
3,2.2938201254874e-05,6.46900386837571e-07,0.0103523326106369,1.2409605383873,6.5476291179657,285.594955444336,"200701.nc4","Charleston-North Charleston, SC"
3,4.44427259935765e-05,3.21367793487681e-10,0.00901339715346694,1.244400203228,6.35019445419312,283.942932128906,"200702.nc4","Charleston-North Charleston, SC"
3,1.25551591736439e-05,0,0.0108801913447678,1.22322142124176,5.82357883453369,289.512145996094,"200703.nc4","Charleston-North Charleston, SC"
3,1.5253115179803e-05,0,0.0107953390106559,1.20881658792496,6.88065910339355,291.038513183594,"200704.nc4","Charleston-North Charleston, SC"
3,1.78544514710666e-05,0,0.0131754893809557,1.19494169950485,6.09760785102844,295.013137817383,"200705.nc4","Charleston-North Charleston, SC"
3,3.85455114155775e-05,0,0.0173486908897758,1.17380285263062,5.68880248069763,298.526565551758,"200706.nc4","Charleston-North Charleston, SC"
3,5.29286335222423e-05,0,0.0191557481884956,1.16710168123245,5.09315419197083,300.06965637207,"200707.nc4","Charleston-North Charleston, SC"
3,3.61141301254975e-05,0,0.0211298055946827,1.1600239276886,4.58464765548706,301.503616333008,"200708.nc4","Charleston-North Charleston, SC"
3,3.70705729437759e-05,0,0.0187813853845,1.17705273628235,5.90072321891785,298.377227783203,"200709.nc4","Charleston-North Charleston, SC"
3,3.2174455554923e-05,0,0.0161532443016768,1.18867510557175,5.87601590156555,295.63850402832,"200710.nc4","Charleston-North Charleston, SC"
3,6.40879397906247e-06,0,0.0109409005381167,1.22620892524719,6.00672483444214,288.450561523438,"200711.nc4","Charleston-North Charleston, SC"
3,4.4442300350056e-05,4.1388160260114e-13,0.0110461032018065,1.22808009386063,5.76393914222717,287.920135498047,"200712.nc4","Charleston-North Charleston, SC"
3,2.0024874174851e-05,4.22137380395394e-08,0.00933810649439692,1.25270754098892,5.91468167304993,283.351547241211,"200801.nc4","Charleston-North Charleston, SC"
3,4.79045902466169e-05,5.42999022482005e-13,0.010161570739001,1.23236477375031,6.40143060684204,286.616073608398,"200802.nc4","Charleston-North Charleston, SC"
3,2.78902562058647e-05,3.50424577593225e-14,0.0100307674147189,1.22710645198822,6.9900803565979,287.999389648438,"200803.nc4","Charleston-North Charleston, SC"
3,3.21705620081048e-05,0,0.011732024140656,1.2096831202507,6.41800117492676,291.186233520508,"200804.nc4","Charleston-North Charleston, SC"
3,2.4671649953234e-05,0,0.0138947032392025,1.18691271543503,6.3950412273407,295.378494262695,"200805.nc4","Charleston-North Charleston, SC"
3,2.11261922231643e-05,0,0.0182493100874126,1.16968280076981,5.59139108657837,299.728805541992,"200806.nc4","Charleston-North Charleston, SC"
3,4.28242001362378e-05,0,0.0196405733004212,1.16798448562622,5.39554595947266,299.827484130859,"200807.nc4","Charleston-North Charleston, SC"
3,5.77755945414538e-05,0,0.0202607000246644,1.16496413946152,5.3759138584137,299.708114624023,"200808.nc4","Charleston-North Charleston, SC"
3,2.85482692561345e-05,0,0.0185030391439795,1.17910891771317,6.18456673622131,297.395385742188,"200809.nc4","Charleston-North Charleston, SC"
3,6.65463721816195e-05,0,0.0139945200644433,1.20925688743591,6.13593602180481,291.990447998047,"200810.nc4","Charleston-North Charleston, SC"
3,3.97849817090901e-05,4.77947922124938e-13,0.0106333866715431,1.23315918445587,6.64692091941833,286.506332397461,"200811.nc4","Charleston-North Charleston, SC"
3,1.20803547360993e-05,1.01706934974716e-12,0.0106996628455818,1.23264700174332,6.41152954101562,287.283218383789,"200812.nc4","Charleston-North Charleston, SC"
3,2.91404894596781e-05,5.68763689127289e-09,0.00871763448230922,1.24990296363831,6.55896735191345,283.097396850586,"200901.nc4","Charleston-North Charleston, SC"
3,1.24850203064852e-05,2.16824318916009e-11,0.00844273250550032,1.25074625015259,6.38668537139893,283.805313110352,"200902.nc4","Charleston-North Charleston, SC"
3,2.12503309739986e-05,3.47671419817952e-14,0.0100609646178782,1.23069077730179,6.33273553848267,287.568954467773,"200903.nc4","Charleston-North Charleston, SC"
3,6.43913699605037e-05,0,0.0115618575364351,1.21054208278656,6.88691449165344,291.012481689453,"200904.nc4","Charleston-North Charleston, SC"
3,5.45195453014458e-05,0,0.0154576902277768,1.18889516592026,6.75091123580933,295.441146850586,"200905.nc4","Charleston-North Charleston, SC"
3,3.02138205370284e-05,0,0.0199531586840749,1.16282445192337,4.67262434959412,299.905578613281,"200906.nc4","Charleston-North Charleston, SC"
3,3.87603722629137e-05,0,0.0196014307439327,1.16775131225586,5.65400791168213,299.707748413086,"200907.nc4","Charleston-North Charleston, SC"
3,4.59773746115388e-05,0,0.0205298764631152,1.16817265748978,4.38005638122559,299.958923339844,"200908.nc4","Charleston-North Charleston, SC"
3,2.79221449090983e-05,0,0.0178359565325081,1.17852848768234,5.33669233322144,297.640655517578,"200909.nc4","Charleston-North Charleston, SC"
3,4.4283153329161e-05,0,0.0150647135451436,1.19771879911423,5.38940453529358,293.415069580078,"200910.nc4","Charleston-North Charleston, SC"
3,3.7999045161996e-05,0,0.0119787901639938,1.21905064582825,5.44577288627625,289.072006225586,"200911.nc4","Charleston-North Charleston, SC"
3,6.40751131868456e-05,9.53691126071021e-10,0.0101241115480661,1.24081254005432,7.14589071273804,284.71842956543,"200912.nc4","Charleston-North Charleston, SC"
3,4.3699046727852e-05,2.67832158673542e-08,0.00871370942331851,1.25974529981613,6.54327416419983,280.815628051758,"201001.nc4","Charleston-North Charleston, SC"
3,4.50617626484018e-05,3.92829986139986e-06,0.00825467030517757,1.25342166423798,7.00355958938599,280.970825195312,"201002.nc4","Charleston-North Charleston, SC"
3,4.34445082646562e-05,6.2797037535256e-12,0.00909162359312177,1.22954177856445,6.27543997764587,285.812652587891,"201003.nc4","Charleston-North Charleston, SC"
3,8.32813407214417e-06,0,0.0118219992145896,1.20702916383743,6.31044006347656,291.717483520508,"201004.nc4","Charleston-North Charleston, SC"
3,3.59406913048588e-05,0,0.015612724237144,1.18468415737152,5.82199692726135,296.414505004883,"201005.nc4","Charleston-North Charleston, SC"
3,3.31458886648761e-05,0,0.019915945827961,1.16392195224762,4.93274402618408,300.688369750977,"201006.nc4","Charleston-North Charleston, SC"
3,4.21092663600575e-05,0,0.0205726092681289,1.16449868679047,5.2402069568634,300.839904785156,"201007.nc4","Charleston-North Charleston, SC"
3,8.49371863296255e-05,0,0.0218879245221615,1.16107141971588,4.79192900657654,300.934326171875,"201008.nc4","Charleston-North Charleston, SC"
3,5.88400253036525e-05,0,0.0192573349922895,1.17038607597351,4.54580998420715,299.313980102539,"201009.nc4","Charleston-North Charleston, SC"
3,6.74489524499222e-06,0,0.0147448726929724,1.19647580385208,5.78966116905212,293.802581787109,"201010.nc4","Charleston-North Charleston, SC"
3,1.46049351315014e-05,0,0.0112095298245549,1.22356963157654,5.69300937652588,288.748992919922,"201011.nc4","Charleston-North Charleston, SC"
3,2.79426749330014e-05,9.08613089541793e-07,0.00801992090418935,1.26367002725601,6.82878017425537,279.736465454102,"201012.nc4","Charleston-North Charleston, SC"
3,3.94184135075193e-05,9.44460161633742e-07,0.00831615272909403,1.25736194849014,5.94257807731628,281.032638549805,"201101.nc4","Charleston-North Charleston, SC"
3,3.5984307032777e-05,4.89630447297884e-10,0.00928852893412113,1.23879045248032,6.66250395774841,285.517959594727,"201102.nc4","Charleston-North Charleston, SC"
3,3.7247087675496e-05,0,0.0100485007278621,1.22436940670013,6.9682948589325,288.47688293457,"201103.nc4","Charleston-North Charleston, SC"
3,2.34914759857929e-05,0,0.0126129076816142,1.20074760913849,6.73673248291016,292.890625,"201104.nc4","Charleston-North Charleston, SC"
3,1.37860351969721e-05,0,0.0148221850395203,1.1854692697525,5.69512581825256,295.964660644531,"201105.nc4","Charleston-North Charleston, SC"
3,2.29106863116613e-05,0,0.0180465904995799,1.16601747274399,5.36427211761475,300.219955444336,"201106.nc4","Charleston-North Charleston, SC"
3,4.44578199676471e-05,0,0.0198685936629772,1.16320151090622,5.69331216812134,300.706283569336,"201107.nc4","Charleston-North Charleston, SC"
3,3.72458143829135e-05,0,0.0210626469925046,1.15814661979675,5.16499042510986,300.979370117188,"201108.nc4","Charleston-North Charleston, SC"
3,3.85859075322514e-05,0,0.0184705881401896,1.1744464635849,4.81094145774841,298.260757446289,"201109.nc4","Charleston-North Charleston, SC"
3,2.99557386824745e-05,0,0.0134261380881071,1.20375257730484,6.35069227218628,292.290054321289,"201110.nc4","Charleston-North Charleston, SC"
3,1.19734208965383e-05,0,0.0110197705216706,1.22191345691681,6.63936281204224,289.417327880859,"201111.nc4","Charleston-North Charleston, SC"
3,6.4713851770648e-06,0,0.0100408017169684,1.23437005281448,6.29001808166504,287.347091674805,"201112.nc4","Charleston-North Charleston, SC"
3,1.55462917064142e-05,5.22191965775069e-12,0.00888307159766555,1.23983919620514,6.49188566207886,285.599838256836,"201201.nc4","Charleston-North Charleston, SC"
3,3.2953475965769e-05,6.79594193420119e-11,0.00928722159005702,1.23455429077148,6.2623827457428,286.506988525391,"201202.nc4","Charleston-North Charleston, SC"
3,3.79406519641634e-05,0,0.0118103269487619,1.21317458152771,6.41796493530273,291.205627441406,"201203.nc4","Charleston-North Charleston, SC"
3,1.86286142707104e-05,0,0.0123517285101116,1.20043396949768,6.16464281082153,292.792098999023,"201204.nc4","Charleston-North Charleston, SC"
3,4.3190071664867e-05,0,0.015638061799109,1.18305575847626,6.00280737876892,296.414749145508,"201205.nc4","Charleston-North Charleston, SC"
3,6.20332884864183e-05,0,0.0174312125891447,1.17764389514923,5.46684503555298,297.51872253418,"201206.nc4","Charleston-North Charleston, SC"
3,3.14261906169122e-05,0,0.0206480119377375,1.16289073228836,5.48953104019165,300.975067138672,"201207.nc4","Charleston-North Charleston, SC"
3,7.28943923604675e-05,0,0.0203825477510691,1.16904026269913,4.6491140127182,299.421997070312,"201208.nc4","Charleston-North Charleston, SC"
3,2.13536468436359e-05,0,0.0183324762620032,1.17856496572495,5.09544730186462,297.878814697266,"201209.nc4","Charleston-North Charleston, SC"
3,2.76210766969598e-05,0,0.0145535143092275,1.19597393274307,6.05437207221985,293.496795654297,"201210.nc4","Charleston-North Charleston, SC"
3,3.42568964697421e-05,0,0.00976656167767942,1.23690897226334,6.20315289497375,286.266494750977,"201211.nc4","Charleston-North Charleston, SC"
3,3.50668306055013e-05,1.75330687468556e-11,0.0105094737373292,1.22977066040039,5.99906063079834,287.097152709961,"201212.nc4","Charleston-North Charleston, SC"
3,8.50522610562621e-06,1.11834742855255e-10,0.00992823531851172,1.23815768957138,6.25353503227234,286.325256347656,"201301.nc4","Charleston-North Charleston, SC"
3,6.44702522549778e-05,2.04627391420242e-11,0.0090580633841455,1.23862832784653,6.44027733802795,285.000701904297,"201302.nc4","Charleston-North Charleston, SC"
3,1.54966774061904e-05,8.00102432224614e-12,0.00840804749168456,1.24223881959915,6.97575783729553,284.216094970703,"201303.nc4","Charleston-North Charleston, SC"
3,4.38905371993314e-05,0,0.0121917994692922,1.21203446388245,6.3672354221344,290.991195678711,"201304.nc4","Charleston-North Charleston, SC"
3,2.6272239665559e-05,0,0.0143352500163019,1.19539767503738,6.28741121292114,294.511306762695,"201305.nc4","Charleston-North Charleston, SC"
3,8.01525238784961e-05,0,0.0192015282809734,1.17114794254303,6.21682071685791,298.864974975586,"201306.nc4","Charleston-North Charleston, SC"
3,7.19975905667525e-05,0,0.0206229519098997,1.17092597484589,5.66624522209167,299.534698486328,"201307.nc4","Charleston-North Charleston, SC"
3,6.13827814959222e-05,0,0.020545981824398,1.17057007551193,4.79819130897522,299.509536743164,"201308.nc4","Charleston-North Charleston, SC"
3,3.87349100492429e-05,0,0.0185043192468584,1.17819035053253,5.09824204444885,297.603546142578,"201309.nc4","Charleston-North Charleston, SC"
3,1.4537375591317e-05,0,0.0144568402320147,1.19918316602707,4.68483400344849,293.496597290039,"201310.nc4","Charleston-North Charleston, SC"
3,2.37016138271429e-05,1.30450849775143e-11,0.0105709466151893,1.23156273365021,6.9307496547699,287.713394165039,"201311.nc4","Charleston-North Charleston, SC"
3,2.54171627602773e-05,3.79393916787923e-32,0.0104548074305058,1.23311817646027,6.19856190681458,287.097625732422,"201312.nc4","Charleston-North Charleston, SC"
3,4.93911593366647e-05,8.53757092045271e-06,0.00807430548593402,1.26075732707977,6.8116888999939,281.003219604492,"201401.nc4","Charleston-North Charleston, SC"
3,3.8060194128775e-05,4.74068290401419e-06,0.00914732413366437,1.24002850055695,6.05227994918823,284.671569824219,"201402.nc4","Charleston-North Charleston, SC"
3,7.02514662407339e-05,1.64319961193371e-07,0.00925878714770079,1.23577827215195,6.69761991500854,285.456985473633,"201403.nc4","Charleston-North Charleston, SC"
3,6.40388625470223e-05,0,0.0122260423377156,1.20565325021744,6.98332405090332,291.780166625977,"201404.nc4","Charleston-North Charleston, SC"
3,2.69514612227795e-05,0,0.0151786953210831,1.1883020401001,5.55187702178955,296.175643920898,"201405.nc4","Charleston-North Charleston, SC"
3,4.81470542581519e-05,0,0.018554019741714,1.17173379659653,5.27376413345337,299.075302124023,"201406.nc4","Charleston-North Charleston, SC"
3,4.6498160372721e-05,0,0.020346948876977,1.1669459939003,5.3717200756073,300.092437744141,"201407.nc4","Charleston-North Charleston, SC"
3,7.75133776187431e-05,0,0.0209615351632237,1.16545587778091,4.46247899532318,300.225296020508,"201408.nc4","Charleston-North Charleston, SC"
3,0.000139274710818427,0,0.019561561755836,1.17783576250076,4.99703025817871,297.754943847656,"201409.nc4","Charleston-North Charleston, SC"
3,8.03794273451786e-06,0,0.0152045800350606,1.1940923333168,5.06818866729736,294.234420776367,"201410.nc4","Charleston-North Charleston, SC"
3,6.59593679301906e-05,4.65955364570281e-11,0.0101934024132788,1.23532348871231,6.14211010932922,286.349990844727,"201411.nc4","Charleston-North Charleston, SC"
3,3.95797760575078e-05,0,0.010113361524418,1.23771387338638,5.08305025100708,285.9091796875,"201412.nc4","Charleston-North Charleston, SC"
3,3.32001300193951e-05,2.56185817004706e-09,0.0090014236047864,1.25188583135605,6.63473868370056,283.261306762695,"201501.nc4","Charleston-North Charleston, SC"
3,4.42168020526879e-05,3.94878177835921e-07,0.00786218768917024,1.26001864671707,6.96179389953613,281.061340332031,"201502.nc4","Charleston-North Charleston, SC"
3,4.59629627584945e-05,0,0.0107471174560487,1.2261997461319,6.39969253540039,288.34716796875,"201503.nc4","Charleston-North Charleston, SC"
3,4.95151980430819e-05,0,0.0132595845498145,1.20114856958389,6.22009444236755,292.608642578125,"201504.nc4","Charleston-North Charleston, SC"
3,1.79597136593657e-05,0,0.0152429901063442,1.19170498847961,5.85142993927002,295.904800415039,"201505.nc4","Charleston-North Charleston, SC"
3,3.35001095663756e-05,0,0.0192123409360647,1.16756337881088,5.54359889030457,300.08512878418,"201506.nc4","Charleston-North Charleston, SC"
3,3.62559339919244e-05,0,0.0203417185693979,1.16214960813522,5.47277164459229,300.7890625,"201507.nc4","Charleston-North Charleston, SC"
3,7.40516443329398e-05,0,0.020615017041564,1.16535097360611,4.94593715667725,300.195678710938,"201508.nc4","Charleston-North Charleston, SC"
3,3.69151348422747e-05,0,0.019294137135148,1.17386436462402,5.13952350616455,298.222229003906,"201509.nc4","Charleston-North Charleston, SC"
3,0.000113144389615627,0,0.0152839669026434,1.19640332460403,5.93820714950562,293.557983398438,"201510.nc4","Charleston-North Charleston, SC"
3,3.98556385334814e-05,0,0.0133704501204193,1.21398931741714,5.72342562675476,291.079467773438,"201511.nc4","Charleston-North Charleston, SC"
3,2.48094884227612e-05,0,0.0127299977466464,1.21488618850708,5.75815057754517,290.602035522461,"201512.nc4","Charleston-North Charleston, SC"
3,3.86175943276612e-05,8.84641773168937e-08,0.00875038281083107,1.2512030005455,6.11113667488098,282.476303100586,"201601.nc4","Charleston-North Charleston, SC"
3,5.41803219675785e-05,1.47250675869293e-06,0.00902112666517496,1.24404841661453,7.26777482032776,284.21501159668,"201602.nc4","Charleston-North Charleston, SC"
3,2.81463599094423e-05,0,0.0114266211166978,1.21469432115555,6.12917137145996,290.233703613281,"201603.nc4","Charleston-North Charleston, SC"
3,2.29063025471987e-05,0,0.011822578497231,1.21063923835754,6.6850278377533,291.238632202148,"201604.nc4","Charleston-North Charleston, SC"
3,6.16259494563565e-05,0,0.0150404358282685,1.1875633597374,5.63128519058228,295.542510986328,"201605.nc4","Charleston-North Charleston, SC"
3,7.06639184500091e-05,0,0.0191375473514199,1.16861492395401,5.53321504592896,299.645843505859,"201606.nc4","Charleston-North Charleston, SC"
3,2.25643098019646e-05,0,0.0209494614973664,1.16113388538361,5.68485474586487,301.843978881836,"201607.nc4","Charleston-North Charleston, SC"
3,4.89366302645067e-05,0,0.0211010342463851,1.16428935527802,5.24933576583862,301.078536987305,"201608.nc4","Charleston-North Charleston, SC"
3,9.05553206393961e-05,0,0.0195973310619593,1.17313981056213,5.25081372261047,298.716995239258,"201609.nc4","Charleston-North Charleston, SC"
3,8.26404830149841e-05,0,0.0152877438813448,1.1965594291687,6.0721538066864,294.31364440918,"201610.nc4","Charleston-North Charleston, SC"
3,4.12363988289144e-06,0,0.0112157515250146,1.22360181808472,5.84147095680237,289.080017089844,"201611.nc4","Charleston-North Charleston, SC"
3,3.87446307286154e-05,9.66911840517665e-25,0.0099323159083724,1.23707312345505,5.87610554695129,286.373062133789,"201612.nc4","Charleston-North Charleston, SC"
