"city_num","PRECTOT","PRECSNO","QSH","RHOA","SPEED","TLML","file","Address","lon","lat","address","joint_address"
10,1.57699901137676e-06,0,0.00287888734601438,1.16666984558105,4.85179281234741,287.277709960938,"200001.nc4","Lake Havasu City, AZ",-114.3224548,34.483901,"lake havasu city, az, usa",NA
10,3.65634623449296e-05,0,0.00687679881229997,1.16551244258881,4.78885984420776,286.170532226562,"200502.nc4","Lake Havasu City, AZ",-114.3224548,34.483901,"lake havasu city, az, usa",NA
10,6.61076455799048e-06,0,0.00381426676176488,1.16225481033325,5.03633260726929,287.817443847656,"200002.nc4","Lake Havasu City, AZ",-114.3224548,34.483901,"lake havasu city, az, usa",NA
10,6.10530742051196e-06,0,0.0066340547055006,1.1545957326889,5.32273197174072,288.713073730469,"200503.nc4","Lake Havasu City, AZ",-114.3224548,34.483901,"lake havasu city, az, usa",NA
10,4.74146736451075e-06,0,0.00382903916761279,1.15284669399261,6.02968120574951,289.158416748047,"200003.nc4","Lake Havasu City, AZ",-114.3224548,34.483901,"lake havasu city, az, usa",NA
10,1.81974326096679e-06,0,0.00579359056428075,1.13842988014221,5.75881433486938,292.412506103516,"200504.nc4","Lake Havasu City, AZ",-114.3224548,34.483901,"lake havasu city, az, usa",NA
10,1.52908597783608e-07,0,0.00346196186728776,1.1254894733429,5.48943710327148,295.921356201172,"200004.nc4","Lake Havasu City, AZ",-114.3224548,34.483901,"lake havasu city, az, usa",NA
10,1.43473954494766e-07,0,0.0063982792198658,1.10894954204559,5.00666999816895,299.168640136719,"200505.nc4","Lake Havasu City, AZ",-114.3224548,34.483901,"lake havasu city, az, usa",NA
10,3.34147598479717e-10,0,0.00397506449371576,1.10420274734497,5.86427545547485,300.615539550781,"200005.nc4","Lake Havasu City, AZ",-114.3224548,34.483901,"lake havasu city, az, usa",NA
10,1.83575654677526e-11,0,0.00501118134707212,1.09304213523865,5.44238328933716,302.879486083984,"200506.nc4","Lake Havasu City, AZ",-114.3224548,34.483901,"lake havasu city, az, usa",NA
10,1.84274924208694e-08,0,0.00596950761973858,1.08860790729523,5.20331907272339,304.597106933594,"200006.nc4","Lake Havasu City, AZ",-114.3224548,34.483901,"lake havasu city, az, usa",NA
10,2.73760383606714e-06,0,0.00792445428669453,1.07587897777557,4.61132717132568,307.876892089844,"200507.nc4","Lake Havasu City, AZ",-114.3224548,34.483901,"lake havasu city, az, usa",NA
10,1.33660563506055e-07,0,0.00531449634581804,1.0832713842392,5.67515659332275,306.548126220703,"200007.nc4","Lake Havasu City, AZ",-114.3224548,34.483901,"lake havasu city, az, usa",NA
10,1.03250322354143e-05,0,0.0127973947674036,1.08598303794861,4.17222785949707,304.811859130859,"200508.nc4","Lake Havasu City, AZ",-114.3224548,34.483901,"lake havasu city, az, usa",NA
10,3.19964760819857e-06,0,0.00989508349448442,1.08422589302063,4.94364070892334,305.742797851562,"200008.nc4","Lake Havasu City, AZ",-114.3224548,34.483901,"lake havasu city, az, usa",NA
10,2.43732642957184e-06,0,0.00558548746630549,1.09841895103455,5.06726121902466,302.418518066406,"200509.nc4","Lake Havasu City, AZ",-114.3224548,34.483901,"lake havasu city, az, usa",NA
10,6.90302037753554e-10,0,0.00646389508619905,1.09557211399078,4.76225519180298,302.894378662109,"200009.nc4","Lake Havasu City, AZ",-114.3224548,34.483901,"lake havasu city, az, usa",NA
10,5.74410114495549e-06,0,0.00579864298924804,1.12305462360382,5.41637802124023,296.12255859375,"200510.nc4","Lake Havasu City, AZ",-114.3224548,34.483901,"lake havasu city, az, usa",NA
10,1.31431970658014e-05,0,0.00620343722403049,1.12800192832947,4.74697780609131,294.798248291016,"200010.nc4","Lake Havasu City, AZ",-114.3224548,34.483901,"lake havasu city, az, usa",NA
10,1.84704651928769e-06,7.96316285360029e-30,0.00407114718109369,1.15122306346893,6.08029460906982,290.501281738281,"200511.nc4","Lake Havasu City, AZ",-114.3224548,34.483901,"lake havasu city, az, usa",NA
10,7.38388109766674e-07,0,0.00347294844686985,1.16875195503235,5.79378461837769,285.967559814453,"200011.nc4","Lake Havasu City, AZ",-114.3224548,34.483901,"lake havasu city, az, usa",NA
10,2.05668186481489e-07,1.28301935068478e-24,0.00268379831686616,1.17128717899323,6.03255367279053,286.080718994141,"200512.nc4","Lake Havasu City, AZ",-114.3224548,34.483901,"lake havasu city, az, usa",NA
10,9.64955049198579e-09,1.81909439497373e-14,0.00319820968434215,1.16659080982208,5.48525476455688,287.232574462891,"200012.nc4","Lake Havasu City, AZ",-114.3224548,34.483901,"lake havasu city, az, usa",NA
10,1.94495683558671e-07,1.52707896055069e-15,0.00251714931800961,1.17218577861786,6.24884223937988,285.878112792969,"200601.nc4","Lake Havasu City, AZ",-114.3224548,34.483901,"lake havasu city, az, usa",NA
10,1.86950546776643e-05,2.82456113609442e-07,0.00364266871474683,1.17962622642517,5.31524801254272,283.862243652344,"200101.nc4","Lake Havasu City, AZ",-114.3224548,34.483901,"lake havasu city, az, usa",NA
10,1.13093039999512e-06,0,0.00201225047931075,1.16172218322754,6.0982871055603,288.039855957031,"200602.nc4","Lake Havasu City, AZ",-114.3224548,34.483901,"lake havasu city, az, usa",NA
10,1.80384922714438e-05,2.22176353759096e-07,0.00425624288618565,1.17291510105133,5.4128475189209,284.703979492188,"200102.nc4","Lake Havasu City, AZ",-114.3224548,34.483901,"lake havasu city, az, usa",NA
10,8.16189549368573e-06,4.60018867443068e-07,0.00366442068479955,1.16041254997253,5.18410444259644,287.097442626953,"200603.nc4","Lake Havasu City, AZ",-114.3224548,34.483901,"lake havasu city, az, usa",NA
10,3.90096874980372e-06,0,0.00533055234700441,1.14620971679688,4.60239744186401,290.605682373047,"200103.nc4","Lake Havasu City, AZ",-114.3224548,34.483901,"lake havasu city, az, usa",NA
10,2.17367482946429e-06,0,0.00399863161146641,1.13812875747681,5.36577606201172,292.427307128906,"200604.nc4","Lake Havasu City, AZ",-114.3224548,34.483901,"lake havasu city, az, usa",NA
10,3.96598989027552e-06,0,0.00447238469496369,1.13832902908325,5.16395330429077,292.434875488281,"200104.nc4","Lake Havasu City, AZ",-114.3224548,34.483901,"lake havasu city, az, usa",NA
10,5.48389955667972e-08,0,0.00394075876101851,1.10575711727142,5.12238073348999,300.279998779297,"200605.nc4","Lake Havasu City, AZ",-114.3224548,34.483901,"lake havasu city, az, usa",NA
10,1.6898729082726e-09,0,0.00416818261146545,1.09940040111542,5.44353723526001,302.118682861328,"200105.nc4","Lake Havasu City, AZ",-114.3224548,34.483901,"lake havasu city, az, usa",NA
10,2.01567065261088e-08,0,0.00527996057644486,1.08536171913147,5.04188013076782,305.718078613281,"200606.nc4","Lake Havasu City, AZ",-114.3224548,34.483901,"lake havasu city, az, usa",NA
10,7.20792492359124e-09,0,0.00428325589746237,1.08843290805817,5.43349742889404,304.983367919922,"200106.nc4","Lake Havasu City, AZ",-114.3224548,34.483901,"lake havasu city, az, usa",NA
10,1.12780198833207e-05,0,0.0113152954727411,1.07675170898438,4.52718496322632,307.399017333984,"200607.nc4","Lake Havasu City, AZ",-114.3224548,34.483901,"lake havasu city, az, usa",NA
10,1.38841505759046e-06,0,0.00704836938530207,1.08509767055511,5.2427830696106,305.729797363281,"200107.nc4","Lake Havasu City, AZ",-114.3224548,34.483901,"lake havasu city, az, usa",NA
10,2.29444003707613e-06,0,0.00968357268720865,1.08484673500061,4.84681558609009,305.362579345703,"200608.nc4","Lake Havasu City, AZ",-114.3224548,34.483901,"lake havasu city, az, usa",NA
10,8.75188288773643e-06,0,0.00967505294829607,1.08269035816193,4.42763614654541,306.206817626953,"200108.nc4","Lake Havasu City, AZ",-114.3224548,34.483901,"lake havasu city, az, usa",NA
10,3.48693583873683e-06,0,0.00762503175064921,1.10144698619843,5.11257934570312,301.378967285156,"200609.nc4","Lake Havasu City, AZ",-114.3224548,34.483901,"lake havasu city, az, usa",NA
10,5.30897864337021e-07,0,0.00626481650397182,1.08691501617432,4.77564859390259,305.080444335938,"200109.nc4","Lake Havasu City, AZ",-114.3224548,34.483901,"lake havasu city, az, usa",NA
10,9.72256202658173e-07,0,0.00519998231902719,1.12811207771301,5.18387603759766,294.904510498047,"200610.nc4","Lake Havasu City, AZ",-114.3224548,34.483901,"lake havasu city, az, usa",NA
10,1.91281969819102e-06,0,0.00502921314910054,1.11645257472992,4.82018995285034,298.296081542969,"200110.nc4","Lake Havasu City, AZ",-114.3224548,34.483901,"lake havasu city, az, usa",NA
10,5.02983148464864e-08,2.02221442716088e-12,0.00327314180321991,1.14639520645142,5.59986162185669,291.386444091797,"200611.nc4","Lake Havasu City, AZ",-114.3224548,34.483901,"lake havasu city, az, usa",NA
10,1.63862102908752e-06,1.7454433024381e-24,0.00439291959628463,1.1448894739151,5.31151008605957,291.564880371094,"200111.nc4","Lake Havasu City, AZ",-114.3224548,34.483901,"lake havasu city, az, usa",NA
10,1.03658669559081e-06,5.25921848293365e-08,0.00247856485657394,1.18018674850464,6.54356527328491,284.317535400391,"200612.nc4","Lake Havasu City, AZ",-114.3224548,34.483901,"lake havasu city, az, usa",NA
10,7.95039341028314e-06,7.90231183600554e-07,0.00295131420716643,1.18029975891113,5.76873445510864,283.672424316406,"200112.nc4","Lake Havasu City, AZ",-114.3224548,34.483901,"lake havasu city, az, usa",NA
10,4.91800437885104e-06,2.88562000628958e-14,0.00244453363120556,1.18499004840851,6.87881231307983,282.844543457031,"200701.nc4","Lake Havasu City, AZ",-114.3224548,34.483901,"lake havasu city, az, usa",NA
10,1.8711033078489e-07,6.81196982840943e-15,0.00249921390786767,1.17670500278473,6.54963684082031,284.725524902344,"200201.nc4","Lake Havasu City, AZ",-114.3224548,34.483901,"lake havasu city, az, usa",NA
10,1.51996391650755e-06,0,0.00348047679290175,1.1642609834671,5.62814569473267,287.126678466797,"200702.nc4","Lake Havasu City, AZ",-114.3224548,34.483901,"lake havasu city, az, usa",NA
10,9.97708249350637e-10,0,0.00171277695335448,1.16393542289734,6.18668937683105,288.315002441406,"200202.nc4","Lake Havasu City, AZ",-114.3224548,34.483901,"lake havasu city, az, usa",NA
10,4.01165152652538e-06,0,0.00349938916042447,1.14455366134644,5.16500520706177,291.909301757812,"200703.nc4","Lake Havasu City, AZ",-114.3224548,34.483901,"lake havasu city, az, usa",NA
10,6.98695259870874e-07,0,0.00229516206309199,1.15450823307037,5.87141799926758,289.310485839844,"200203.nc4","Lake Havasu City, AZ",-114.3224548,34.483901,"lake havasu city, az, usa",NA
10,4.18412270164481e-07,0,0.00380538194440305,1.13096106052399,5.44361352920532,294.039947509766,"200704.nc4","Lake Havasu City, AZ",-114.3224548,34.483901,"lake havasu city, az, usa",NA
10,1.00987733731017e-08,0,0.00361550552770495,1.12813460826874,5.39916467666626,294.932708740234,"200204.nc4","Lake Havasu City, AZ",-114.3224548,34.483901,"lake havasu city, az, usa",NA
10,2.48791565127249e-07,0,0.00377372722141445,1.11027801036835,5.43498802185059,299.168273925781,"200705.nc4","Lake Havasu City, AZ",-114.3224548,34.483901,"lake havasu city, az, usa",NA
10,4.33828042933904e-11,0,0.00304243573918939,1.11342835426331,5.15420627593994,298.450805664062,"200205.nc4","Lake Havasu City, AZ",-114.3224548,34.483901,"lake havasu city, az, usa",NA
10,3.95408267607667e-16,0,0.00371711817570031,1.09146666526794,5.09643030166626,304.153991699219,"200706.nc4","Lake Havasu City, AZ",-114.3224548,34.483901,"lake havasu city, az, usa",NA
10,6.4299832125414e-09,0,0.00352345104329288,1.08584904670715,5.15605735778809,305.232574462891,"200206.nc4","Lake Havasu City, AZ",-114.3224548,34.483901,"lake havasu city, az, usa",NA
10,8.93999640538823e-06,0,0.00935689825564623,1.08213400840759,4.94628667831421,306.063415527344,"200707.nc4","Lake Havasu City, AZ",-114.3224548,34.483901,"lake havasu city, az, usa",NA
10,1.61650802965596e-06,0,0.007610023021698,1.07848024368286,5.32140159606934,307.463897705078,"200207.nc4","Lake Havasu City, AZ",-114.3224548,34.483901,"lake havasu city, az, usa",NA
10,1.39799849421252e-05,0,0.0108216376975179,1.08006405830383,4.63387680053711,306.305419921875,"200708.nc4","Lake Havasu City, AZ",-114.3224548,34.483901,"lake havasu city, az, usa",NA
10,7.22640525196994e-09,0,0.0061155753210187,1.08382451534271,5.39860677719116,306.101348876953,"200208.nc4","Lake Havasu City, AZ",-114.3224548,34.483901,"lake havasu city, az, usa",NA
10,7.83390532888006e-07,0,0.00752597069367766,1.09822952747345,4.94246578216553,302.065490722656,"200709.nc4","Lake Havasu City, AZ",-114.3224548,34.483901,"lake havasu city, az, usa",NA
10,3.40753854288778e-06,0,0.00695948721840978,1.09204769134521,4.91908740997314,303.427429199219,"200209.nc4","Lake Havasu City, AZ",-114.3224548,34.483901,"lake havasu city, az, usa",NA
10,1.68138768685822e-07,0,0.00418149493634701,1.12478983402252,5.56596994400024,296.270721435547,"200710.nc4","Lake Havasu City, AZ",-114.3224548,34.483901,"lake havasu city, az, usa",NA
10,2.6027727528799e-08,0,0.0047978488728404,1.12510776519775,4.19880867004395,295.382415771484,"200210.nc4","Lake Havasu City, AZ",-114.3224548,34.483901,"lake havasu city, az, usa",NA
10,1.08724925667048e-05,0,0.0031993726734072,1.14117503166199,5.09460020065308,292.668731689453,"200711.nc4","Lake Havasu City, AZ",-114.3224548,34.483901,"lake havasu city, az, usa",NA
10,1.47996991017862e-06,0,0.00349825690500438,1.15000879764557,6.49951362609863,290.859466552734,"200211.nc4","Lake Havasu City, AZ",-114.3224548,34.483901,"lake havasu city, az, usa",NA
10,1.59760274982546e-05,2.9361150284072e-14,0.00362632749602199,1.18590605258942,6.07209348678589,282.524963378906,"200712.nc4","Lake Havasu City, AZ",-114.3224548,34.483901,"lake havasu city, az, usa",NA
10,4.5330129978538e-06,7.11810841380611e-08,0.00382033246569335,1.17486429214478,5.07320928573608,284.878112792969,"200212.nc4","Lake Havasu City, AZ",-114.3224548,34.483901,"lake havasu city, az, usa",NA
10,2.45575101871509e-05,7.20743514648348e-07,0.00388230197131634,1.18380236625671,6.32771301269531,282.830596923828,"200801.nc4","Lake Havasu City, AZ",-114.3224548,34.483901,"lake havasu city, az, usa",NA
10,3.1670599582867e-06,0,0.00414597382768989,1.1570063829422,5.95177984237671,289.715209960938,"200301.nc4","Lake Havasu City, AZ",-114.3224548,34.483901,"lake havasu city, az, usa",NA
10,7.6593041740125e-06,1.48777864350134e-14,0.00417829770594835,1.17009115219116,6.1017599105835,285.668853759766,"200802.nc4","Lake Havasu City, AZ",-114.3224548,34.483901,"lake havasu city, az, usa",NA
10,2.86893937300192e-05,0,0.00433384394273162,1.16262423992157,5.20288610458374,286.611175537109,"200302.nc4","Lake Havasu City, AZ",-114.3224548,34.483901,"lake havasu city, az, usa",NA
10,1.98671799012118e-07,0,0.00390831148251891,1.15109360218048,5.843430519104,290.146606445312,"200803.nc4","Lake Havasu City, AZ",-114.3224548,34.483901,"lake havasu city, az, usa",NA
10,4.61813669971889e-06,0,0.00468810927122831,1.15004074573517,5.33580303192139,289.814483642578,"200303.nc4","Lake Havasu City, AZ",-114.3224548,34.483901,"lake havasu city, az, usa",NA
10,1.21828258592416e-09,0,0.00275150686502457,1.13463950157166,6.21505355834961,293.664031982422,"200804.nc4","Lake Havasu City, AZ",-114.3224548,34.483901,"lake havasu city, az, usa",NA
10,2.82478026747413e-06,0,0.00451299687847495,1.14247381687164,5.48707103729248,291.171325683594,"200304.nc4","Lake Havasu City, AZ",-114.3224548,34.483901,"lake havasu city, az, usa",NA
10,1.43744443903415e-06,0,0.00395545596256852,1.1195033788681,5.88224649429321,296.492126464844,"200805.nc4","Lake Havasu City, AZ",-114.3224548,34.483901,"lake havasu city, az, usa",NA
10,9.46391338629837e-08,0,0.00422019138932228,1.1109071969986,5.41490697860718,299.046112060547,"200305.nc4","Lake Havasu City, AZ",-114.3224548,34.483901,"lake havasu city, az, usa",NA
10,6.21884051280877e-15,0,0.00352900312282145,1.08750855922699,5.14520454406738,305.141479492188,"200806.nc4","Lake Havasu City, AZ",-114.3224548,34.483901,"lake havasu city, az, usa",NA
10,3.82306843517768e-13,0,0.0044978498481214,1.09152925014496,5.74697494506836,303.3623046875,"200306.nc4","Lake Havasu City, AZ",-114.3224548,34.483901,"lake havasu city, az, usa",NA
10,7.38416110834805e-06,0,0.0101849557831883,1.08063519001007,4.53792428970337,306.189117431641,"200807.nc4","Lake Havasu City, AZ",-114.3224548,34.483901,"lake havasu city, az, usa",NA
10,7.02652641848545e-06,0,0.00740296579897404,1.07746136188507,4.801598072052,307.788726806641,"200307.nc4","Lake Havasu City, AZ",-114.3224548,34.483901,"lake havasu city, az, usa",NA
10,3.3456681194366e-06,0,0.010774428024888,1.08317220211029,4.71892547607422,305.209686279297,"200808.nc4","Lake Havasu City, AZ",-114.3224548,34.483901,"lake havasu city, az, usa",NA
10,5.20073444931768e-06,0,0.0113587602972984,1.08342313766479,4.34632778167725,305.901672363281,"200308.nc4","Lake Havasu City, AZ",-114.3224548,34.483901,"lake havasu city, az, usa",NA
10,3.18174784297298e-07,0,0.00729004107415676,1.09100914001465,4.30907440185547,304.023468017578,"200809.nc4","Lake Havasu City, AZ",-114.3224548,34.483901,"lake havasu city, az, usa",NA
10,1.10634709926671e-06,0,0.00783291552215815,1.08968031406403,4.81060075759888,304.292419433594,"200309.nc4","Lake Havasu City, AZ",-114.3224548,34.483901,"lake havasu city, az, usa",NA
10,2.18303739529802e-07,0,0.00352160260081291,1.12095975875854,5.67773199081421,297.727264404297,"200810.nc4","Lake Havasu City, AZ",-114.3224548,34.483901,"lake havasu city, az, usa",NA
10,1.48591013271471e-07,0,0.00484618870541453,1.10597586631775,5.08970355987549,300.681121826172,"200310.nc4","Lake Havasu City, AZ",-114.3224548,34.483901,"lake havasu city, az, usa",NA
10,9.11755159904715e-06,0,0.00395357795059681,1.14524877071381,5.62117433547974,291.869354248047,"200811.nc4","Lake Havasu City, AZ",-114.3224548,34.483901,"lake havasu city, az, usa",NA
10,4.3116574488522e-06,0,0.00387341575697064,1.16014873981476,4.47430276870728,288.051910400391,"200311.nc4","Lake Havasu City, AZ",-114.3224548,34.483901,"lake havasu city, az, usa",NA
10,2.67702362179989e-05,6.45687862288469e-07,0.00414705416187644,1.17811501026154,5.62655115127563,283.827117919922,"200812.nc4","Lake Havasu City, AZ",-114.3224548,34.483901,"lake havasu city, az, usa",NA
10,6.2888484535506e-06,8.80757511367847e-08,0.00323850335553288,1.17235851287842,5.49042415618896,285.691101074219,"200312.nc4","Lake Havasu City, AZ",-114.3224548,34.483901,"lake havasu city, az, usa",NA
10,7.49771686514578e-07,1.69751080397486e-16,0.00404932908713818,1.17393553256989,7.13485956192017,285.762817382812,"200901.nc4","Lake Havasu City, AZ",-114.3224548,34.483901,"lake havasu city, az, usa",NA
10,5.67712277188548e-07,4.00872149014097e-26,0.00334357772953808,1.17123293876648,5.61715650558472,285.703643798828,"200401.nc4","Lake Havasu City, AZ",-114.3224548,34.483901,"lake havasu city, az, usa",NA
10,2.39259661611868e-05,8.95869902706181e-07,0.00435722898691893,1.16777670383453,5.25374507904053,286.344848632812,"200902.nc4","Lake Havasu City, AZ",-114.3224548,34.483901,"lake havasu city, az, usa",NA
10,2.19693229155382e-05,7.3660125110564e-08,0.00321036740206182,1.17386054992676,5.9919548034668,284.751678466797,"200402.nc4","Lake Havasu City, AZ",-114.3224548,34.483901,"lake havasu city, az, usa",NA
10,4.93373661925034e-08,0,0.00402288604527712,1.14917731285095,5.60352087020874,290.190551757812,"200903.nc4","Lake Havasu City, AZ",-114.3224548,34.483901,"lake havasu city, az, usa",NA
10,7.38461608307261e-07,0,0.00464640930294991,1.13146460056305,5.76875162124634,294.706512451172,"200403.nc4","Lake Havasu City, AZ",-114.3224548,34.483901,"lake havasu city, az, usa",NA
10,1.37632332553039e-06,0,0.00350863952189684,1.13758170604706,5.73381805419922,292.690765380859,"200904.nc4","Lake Havasu City, AZ",-114.3224548,34.483901,"lake havasu city, az, usa",NA
10,4.19727075495757e-06,0,0.00488135032355785,1.13202691078186,5.83440685272217,293.870239257812,"200404.nc4","Lake Havasu City, AZ",-114.3224548,34.483901,"lake havasu city, az, usa",NA
10,1.49068318933132e-06,0,0.00474377488717437,1.10007834434509,4.54655075073242,301.616302490234,"200905.nc4","Lake Havasu City, AZ",-114.3224548,34.483901,"lake havasu city, az, usa",NA
10,1.18393565350788e-12,0,0.003645847318694,1.10894823074341,5.62347888946533,299.557556152344,"200405.nc4","Lake Havasu City, AZ",-114.3224548,34.483901,"lake havasu city, az, usa",NA
10,2.96853016834575e-07,0,0.00576668512076139,1.09983742237091,5.09345149993896,301.193969726562,"200906.nc4","Lake Havasu City, AZ",-114.3224548,34.483901,"lake havasu city, az, usa",NA
10,5.15788041617615e-14,0,0.00419733161106706,1.09245455265045,5.54706430435181,303.706176757812,"200406.nc4","Lake Havasu City, AZ",-114.3224548,34.483901,"lake havasu city, az, usa",NA
10,1.35677455546102e-05,0,0.00842031463980675,1.07708477973938,4.74320793151855,307.665069580078,"200907.nc4","Lake Havasu City, AZ",-114.3224548,34.483901,"lake havasu city, az, usa",NA
10,1.12737268409546e-06,0,0.0071494709700346,1.08151078224182,5.2696475982666,306.619750976562,"200407.nc4","Lake Havasu City, AZ",-114.3224548,34.483901,"lake havasu city, az, usa",NA
10,2.13823864214646e-06,0,0.00688451668247581,1.08397555351257,4.33020734786987,306.190277099609,"200908.nc4","Lake Havasu City, AZ",-114.3224548,34.483901,"lake havasu city, az, usa",NA
10,1.29631944219e-05,0,0.0083726029843092,1.08610737323761,4.74286079406738,305.443908691406,"200408.nc4","Lake Havasu City, AZ",-114.3224548,34.483901,"lake havasu city, az, usa",NA
10,7.86206783232046e-07,0,0.00667535793036222,1.09134984016418,5.21177291870117,304.099090576172,"200909.nc4","Lake Havasu City, AZ",-114.3224548,34.483901,"lake havasu city, az, usa",NA
10,8.91097329258628e-07,0,0.00664032250642776,1.09738397598267,5.57682275772095,302.272064208984,"200409.nc4","Lake Havasu City, AZ",-114.3224548,34.483901,"lake havasu city, az, usa",NA
10,1.46975198678234e-09,0,0.00357393873855472,1.12988126277924,6.31564235687256,294.271392822266,"200910.nc4","Lake Havasu City, AZ",-114.3224548,34.483901,"lake havasu city, az, usa",NA
10,3.33176103595179e-05,0,0.00578441377729177,1.12788426876068,5.14104032516479,294.681182861328,"200410.nc4","Lake Havasu City, AZ",-114.3224548,34.483901,"lake havasu city, az, usa",NA
10,2.68685518278744e-08,0,0.00288171088322997,1.14506220817566,5.50988054275513,291.506683349609,"200911.nc4","Lake Havasu City, AZ",-114.3224548,34.483901,"lake havasu city, az, usa",NA
10,1.62736614583991e-05,4.34965775623539e-15,0.00568821746855974,1.16548871994019,5.20481777191162,286.784484863281,"200411.nc4","Lake Havasu City, AZ",-114.3224548,34.483901,"lake havasu city, az, usa",NA
10,1.77272213477409e-05,3.21247824786042e-07,0.00323910196311772,1.18016314506531,6.01076889038086,283.185760498047,"200912.nc4","Lake Havasu City, AZ",-114.3224548,34.483901,"lake havasu city, az, usa",NA
10,7.01569661032408e-06,0,0.00479724304750562,1.17679822444916,6.68044328689575,284.586578369141,"200412.nc4","Lake Havasu City, AZ",-114.3224548,34.483901,"lake havasu city, az, usa",NA
10,3.72426984540652e-05,8.47153032168535e-08,0.00441005919128656,1.16992545127869,6.20415544509888,285.162353515625,"201001.nc4","Lake Havasu City, AZ",-114.3224548,34.483901,"lake havasu city, az, usa",NA
10,3.857868432533e-05,0,0.00619681691750884,1.17073655128479,5.54291963577271,285.447235107422,"200501.nc4","Lake Havasu City, AZ",-114.3224548,34.483901,"lake havasu city, az, usa",NA
10,1.49518264151993e-05,1.73558618143943e-07,0.00520454673096538,1.16586410999298,5.0690279006958,285.7255859375,"201002.nc4","Lake Havasu City, AZ",-114.3224548,34.483901,"lake havasu city, az, usa",NA
10,1.19326396088582e-05,0,0.00498162023723125,1.13786351680756,5.03971719741821,293.519073486328,"201503.nc4","Lake Havasu City, AZ",-114.3224548,34.483901,"lake havasu city, az, usa",NA
10,6.0523348111019e-06,0,0.00473969522863626,1.15730035305023,5.76267910003662,288.308624267578,"201003.nc4","Lake Havasu City, AZ",-114.3224548,34.483901,"lake havasu city, az, usa",NA
10,9.43067334446823e-07,0,0.00355496513657272,1.1305023431778,5.55953741073608,294.276123046875,"201504.nc4","Lake Havasu City, AZ",-114.3224548,34.483901,"lake havasu city, az, usa",NA
10,2.15146724258375e-06,0,0.0047533824108541,1.14161777496338,5.66782999038696,291.196502685547,"201004.nc4","Lake Havasu City, AZ",-114.3224548,34.483901,"lake havasu city, az, usa",NA
10,2.40041617871611e-06,0,0.005315026268363,1.12196052074432,5.48303985595703,295.935028076172,"201505.nc4","Lake Havasu City, AZ",-114.3224548,34.483901,"lake havasu city, az, usa",NA
10,1.27944881356257e-08,0,0.00380480079911649,1.12412810325623,5.65339422225952,295.558013916016,"201005.nc4","Lake Havasu City, AZ",-114.3224548,34.483901,"lake havasu city, az, usa",NA
10,1.12892905690387e-06,0,0.00585382897406816,1.08508801460266,5.17132997512817,305.328308105469,"201506.nc4","Lake Havasu City, AZ",-114.3224548,34.483901,"lake havasu city, az, usa",NA
10,2.30495444952794e-07,0,0.00471645779907703,1.09369051456451,5.3957085609436,303.232238769531,"201006.nc4","Lake Havasu City, AZ",-114.3224548,34.483901,"lake havasu city, az, usa",NA
10,5.78039453102974e-06,0,0.00912196841090918,1.08750486373901,5.37095212936401,304.745788574219,"201507.nc4","Lake Havasu City, AZ",-114.3224548,34.483901,"lake havasu city, az, usa",NA
10,3.37799497174274e-06,0,0.00826163776218891,1.07669544219971,5.51615428924561,307.177917480469,"201007.nc4","Lake Havasu City, AZ",-114.3224548,34.483901,"lake havasu city, az, usa",NA
10,5.91714933761978e-06,0,0.00907562952488661,1.07830381393433,5.0546703338623,307.158477783203,"201508.nc4","Lake Havasu City, AZ",-114.3224548,34.483901,"lake havasu city, az, usa",NA
10,7.75392345531145e-06,0,0.00901615060865879,1.0836580991745,5.20570230484009,305.34716796875,"201008.nc4","Lake Havasu City, AZ",-114.3224548,34.483901,"lake havasu city, az, usa",NA
10,1.58014199769241e-06,0,0.00940070115029812,1.08935153484344,5.00866460800171,303.926940917969,"201509.nc4","Lake Havasu City, AZ",-114.3224548,34.483901,"lake havasu city, az, usa",NA
10,1.62699393513321e-07,0,0.00502865388989449,1.08905732631683,4.36221075057983,304.499420166016,"201009.nc4","Lake Havasu City, AZ",-114.3224548,34.483901,"lake havasu city, az, usa",NA
10,5.05425396113424e-06,0,0.00818966049700975,1.11414551734924,4.70313787460327,298.066986083984,"201510.nc4","Lake Havasu City, AZ",-114.3224548,34.483901,"lake havasu city, az, usa",NA
10,3.87016825698083e-06,0,0.00727610010653734,1.12490844726562,4.70063352584839,296.014709472656,"201010.nc4","Lake Havasu City, AZ",-114.3224548,34.483901,"lake havasu city, az, usa",NA
10,1.57261365529848e-06,0,0.00328204385004938,1.16010642051697,6.60429573059082,287.846252441406,"201511.nc4","Lake Havasu City, AZ",-114.3224548,34.483901,"lake havasu city, az, usa",NA
10,1.35853133542696e-06,7.83635919284105e-15,0.00366552453488111,1.15982031822205,6.45982980728149,288.342407226562,"201011.nc4","Lake Havasu City, AZ",-114.3224548,34.483901,"lake havasu city, az, usa",NA
10,3.59572413799469e-06,1.68739859418565e-07,0.00264240056276321,1.17472410202026,5.8103551864624,284.605804443359,"201512.nc4","Lake Havasu City, AZ",-114.3224548,34.483901,"lake havasu city, az, usa",NA
10,2.71270928351441e-05,1.95971864513922e-07,0.00447763176634908,1.16288352012634,5.89743232727051,286.964630126953,"201012.nc4","Lake Havasu City, AZ",-114.3224548,34.483901,"lake havasu city, az, usa",NA
10,1.71381743712118e-05,4.91898560994741e-07,0.00401940708979964,1.17468893527985,5.20548963546753,284.905426025391,"201601.nc4","Lake Havasu City, AZ",-114.3224548,34.483901,"lake havasu city, az, usa",NA
10,4.7491571564251e-08,7.49402887506198e-18,0.00346858240664005,1.17670953273773,6.75417757034302,284.673828125,"201101.nc4","Lake Havasu City, AZ",-114.3224548,34.483901,"lake havasu city, az, usa",NA
10,1.13576425064821e-06,3.1587089210916e-07,0.0032570636831224,1.1544691324234,6.97979164123535,290.247131347656,"201602.nc4","Lake Havasu City, AZ",-114.3224548,34.483901,"lake havasu city, az, usa",NA
10,1.50939276863937e-05,3.92831680073868e-07,0.00339587079361081,1.17822551727295,6.01452875137329,283.943756103516,"201102.nc4","Lake Havasu City, AZ",-114.3224548,34.483901,"lake havasu city, az, usa",NA
10,3.24556850728186e-07,0,0.00317661394365132,1.13731443881989,5.57364559173584,292.920867919922,"201603.nc4","Lake Havasu City, AZ",-114.3224548,34.483901,"lake havasu city, az, usa",NA
10,5.48055004401249e-06,0,0.00461343675851822,1.1491037607193,5.26580238342285,290.292755126953,"201103.nc4","Lake Havasu City, AZ",-114.3224548,34.483901,"lake havasu city, az, usa",NA
10,4.59219972981373e-06,0,0.0046148793771863,1.13028740882874,5.66770935058594,294.386322021484,"201604.nc4","Lake Havasu City, AZ",-114.3224548,34.483901,"lake havasu city, az, usa",NA
10,2.98595819003822e-06,0,0.00431316299363971,1.13418865203857,6.38203763961792,293.172241210938,"201104.nc4","Lake Havasu City, AZ",-114.3224548,34.483901,"lake havasu city, az, usa",NA
10,2.72906254394911e-06,0,0.00503618828952312,1.11696577072144,5.16107368469238,297.099365234375,"201605.nc4","Lake Havasu City, AZ",-114.3224548,34.483901,"lake havasu city, az, usa",NA
10,3.30895858269287e-07,0,0.00368831749074161,1.1224262714386,5.86310386657715,295.928192138672,"201105.nc4","Lake Havasu City, AZ",-114.3224548,34.483901,"lake havasu city, az, usa",NA
10,1.88890481922499e-07,0,0.00551600661128759,1.08392453193665,5.27382230758667,306.118225097656,"201606.nc4","Lake Havasu City, AZ",-114.3224548,34.483901,"lake havasu city, az, usa",NA
10,1.54071547187051e-11,0,0.00395135441794991,1.09385180473328,5.593918800354,302.952331542969,"201106.nc4","Lake Havasu City, AZ",-114.3224548,34.483901,"lake havasu city, az, usa",NA
10,2.64738076793947e-07,0,0.00757728656753898,1.07803440093994,5.24289035797119,307.558135986328,"201607.nc4","Lake Havasu City, AZ",-114.3224548,34.483901,"lake havasu city, az, usa",NA
10,1.02284229797078e-06,0,0.00886680092662573,1.08197557926178,4.91822147369385,305.755523681641,"201107.nc4","Lake Havasu City, AZ",-114.3224548,34.483901,"lake havasu city, az, usa",NA
10,9.67459163803142e-06,0,0.0102905780076981,1.08330130577087,4.99614763259888,305.682403564453,"201608.nc4","Lake Havasu City, AZ",-114.3224548,34.483901,"lake havasu city, az, usa",NA
10,2.3936765956023e-06,0,0.00778410630300641,1.07619726657867,4.83908891677856,307.620300292969,"201108.nc4","Lake Havasu City, AZ",-114.3224548,34.483901,"lake havasu city, az, usa",NA
10,1.276739021705e-05,0,0.00703375646844506,1.10204541683197,5.20085144042969,301.450958251953,"201609.nc4","Lake Havasu City, AZ",-114.3224548,34.483901,"lake havasu city, az, usa",NA
10,1.2840595218222e-06,0,0.00793480686843395,1.09145963191986,4.33952856063843,304.110198974609,"201109.nc4","Lake Havasu City, AZ",-114.3224548,34.483901,"lake havasu city, az, usa",NA
10,1.40572964824059e-07,0,0.00552239455282688,1.11344265937805,4.98357629776001,298.780395507812,"201610.nc4","Lake Havasu City, AZ",-114.3224548,34.483901,"lake havasu city, az, usa",NA
10,1.61490004302323e-06,0,0.00482534477487206,1.11867582798004,5.41426944732666,297.610961914062,"201110.nc4","Lake Havasu City, AZ",-114.3224548,34.483901,"lake havasu city, az, usa",NA
10,3.00998090096982e-06,0,0.00400495668873191,1.14424157142639,5.4435601234436,292.076721191406,"201611.nc4","Lake Havasu City, AZ",-114.3224548,34.483901,"lake havasu city, az, usa",NA
10,5.10656354890671e-06,0,0.00410528248175979,1.15729999542236,5.21747732162476,288.692565917969,"201111.nc4","Lake Havasu City, AZ",-114.3224548,34.483901,"lake havasu city, az, usa",NA
10,1.16808250822942e-05,1.00038013428616e-08,0.00421546585857868,1.1712771654129,5.86290979385376,285.455047607422,"201612.nc4","Lake Havasu City, AZ",-114.3224548,34.483901,"lake havasu city, az, usa",NA
10,5.58128067496e-06,1.1781440623429e-12,0.00348998536355793,1.18186521530151,5.6192455291748,283.475250244141,"201112.nc4","Lake Havasu City, AZ",-114.3224548,34.483901,"lake havasu city, az, usa",NA
10,1.0631348231982e-05,0,0.00908294878900051,1.08650231361389,4.68310642242432,305.120300292969,"201207.nc4","Lake Havasu City, AZ",-114.3224548,34.483901,"lake havasu city, az, usa",NA
10,2.54764790952322e-06,4.51891750685718e-08,0.00283132889308035,1.16917324066162,6.14864826202393,286.872009277344,"201201.nc4","Lake Havasu City, AZ",-114.3224548,34.483901,"lake havasu city, az, usa",NA
10,6.70596682539326e-06,0,0.0121674798429012,1.07935833930969,4.07528352737427,306.445068359375,"201208.nc4","Lake Havasu City, AZ",-114.3224548,34.483901,"lake havasu city, az, usa",NA
10,2.23649044528429e-06,0,0.00303067802451551,1.16325676441193,5.94526338577271,287.087219238281,"201202.nc4","Lake Havasu City, AZ",-114.3224548,34.483901,"lake havasu city, az, usa",NA
10,1.56016596974951e-06,0,0.00866897683590651,1.09279179573059,4.17795705795288,303.923156738281,"201209.nc4","Lake Havasu City, AZ",-114.3224548,34.483901,"lake havasu city, az, usa",NA
10,4.47810316472896e-06,4.34967688534016e-08,0.00333480164408684,1.15057969093323,6.16923236846924,289.900390625,"201203.nc4","Lake Havasu City, AZ",-114.3224548,34.483901,"lake havasu city, az, usa",NA
10,1.83462202585361e-06,0,0.00484481081366539,1.11888289451599,5.10023403167725,297.477111816406,"201210.nc4","Lake Havasu City, AZ",-114.3224548,34.483901,"lake havasu city, az, usa",NA
10,5.57070461582043e-06,1.82352962951882e-07,0.00386819685809314,1.12906515598297,5.5651912689209,294.808624267578,"201204.nc4","Lake Havasu City, AZ",-114.3224548,34.483901,"lake havasu city, az, usa",NA
10,2.63531660493754e-07,0,0.00327636348083615,1.14303398132324,4.82970333099365,292.544647216797,"201211.nc4","Lake Havasu City, AZ",-114.3224548,34.483901,"lake havasu city, az, usa",NA
10,1.10916215448342e-11,0,0.00331888836808503,1.10531377792358,5.51084470748901,300.256866455078,"201205.nc4","Lake Havasu City, AZ",-114.3224548,34.483901,"lake havasu city, az, usa",NA
10,9.05049000721192e-06,2.93767197234729e-08,0.00396311935037374,1.17130970954895,5.09531307220459,285.140533447266,"201212.nc4","Lake Havasu City, AZ",-114.3224548,34.483901,"lake havasu city, az, usa",NA
10,1.36121853806098e-12,0,0.00365318427793682,1.08800113201141,5.64127922058105,304.517211914062,"201206.nc4","Lake Havasu City, AZ",-114.3224548,34.483901,"lake havasu city, az, usa",NA
10,7.24104484106647e-06,3.95292997011458e-15,0.00336266472004354,1.18509685993195,6.65629768371582,283.056884765625,"201301.nc4","Lake Havasu City, AZ",-114.3224548,34.483901,"lake havasu city, az, usa",NA
10,3.34140349877998e-05,0,0.0096408324316144,1.0871456861496,4.81303548812866,304.942291259766,"201308.nc4","Lake Havasu City, AZ",-114.3224548,34.483901,"lake havasu city, az, usa",NA
10,3.74202204511676e-06,4.27609137432228e-07,0.00343074277043343,1.17202889919281,5.99537992477417,285.387969970703,"201302.nc4","Lake Havasu City, AZ",-114.3224548,34.483901,"lake havasu city, az, usa",NA
10,1.0072727491206e-05,0,0.0105580184608698,1.09863996505737,4.54656839370728,301.29833984375,"201309.nc4","Lake Havasu City, AZ",-114.3224548,34.483901,"lake havasu city, az, usa",NA
10,4.65187076770235e-06,1.97630654952263e-07,0.00394802074879408,1.13919377326965,5.32725715637207,292.838684082031,"201303.nc4","Lake Havasu City, AZ",-114.3224548,34.483901,"lake havasu city, az, usa",NA
10,1.50886205574352e-06,0,0.00405197590589523,1.13161110877991,5.83798503875732,294.385559082031,"201310.nc4","Lake Havasu City, AZ",-114.3224548,34.483901,"lake havasu city, az, usa",NA
10,9.20216081112812e-09,0,0.00316156609915197,1.12689399719238,6.29180097579956,295.055938720703,"201304.nc4","Lake Havasu City, AZ",-114.3224548,34.483901,"lake havasu city, az, usa",NA
10,3.01043814943114e-06,0,0.00438671512529254,1.14915657043457,5.03240013122559,290.49658203125,"201311.nc4","Lake Havasu City, AZ",-114.3224548,34.483901,"lake havasu city, az, usa",NA
10,9.27470509282102e-08,0,0.00382362911477685,1.11102032661438,5.87233066558838,298.983917236328,"201305.nc4","Lake Havasu City, AZ",-114.3224548,34.483901,"lake havasu city, az, usa",NA
10,6.51165066756221e-07,2.05268865058835e-22,0.00324290548451245,1.17874491214752,7.00626802444458,284.302520751953,"201312.nc4","Lake Havasu City, AZ",-114.3224548,34.483901,"lake havasu city, az, usa",NA
10,1.99445698129651e-14,0,0.00408212095499039,1.08423542976379,5.29242944717407,305.636779785156,"201306.nc4","Lake Havasu City, AZ",-114.3224548,34.483901,"lake havasu city, az, usa",NA
10,1.57962229963005e-08,0,0.00255912914872169,1.16204845905304,6.08811378479004,288.395477294922,"201401.nc4","Lake Havasu City, AZ",-114.3224548,34.483901,"lake havasu city, az, usa",NA
10,1.71258452610346e-05,0,0.0104557601734996,1.08023524284363,4.78804111480713,306.295806884766,"201307.nc4","Lake Havasu City, AZ",-114.3224548,34.483901,"lake havasu city, az, usa",NA
10,2.55971599472105e-06,0,0.00310375355184078,1.15005993843079,4.49377918243408,290.140869140625,"201402.nc4","Lake Havasu City, AZ",-114.3224548,34.483901,"lake havasu city, az, usa",NA
10,4.35329820902552e-06,0,0.0106239728629589,1.09211039543152,4.31741094589233,303.12548828125,"201409.nc4","Lake Havasu City, AZ",-114.3224548,34.483901,"lake havasu city, az, usa",NA
10,4.53652137366589e-06,0,0.00338092935271561,1.14166247844696,5.53533363342285,292.154724121094,"201403.nc4","Lake Havasu City, AZ",-114.3224548,34.483901,"lake havasu city, az, usa",NA
10,3.21248485590786e-08,0,0.00592432590201497,1.11361157894135,4.46107578277588,298.691802978516,"201410.nc4","Lake Havasu City, AZ",-114.3224548,34.483901,"lake havasu city, az, usa",NA
10,8.96679864581529e-07,0,0.00302926567383111,1.12855100631714,5.8274998664856,294.930328369141,"201404.nc4","Lake Havasu City, AZ",-114.3224548,34.483901,"lake havasu city, az, usa",NA
10,8.26698780542756e-08,0,0.00345143512822688,1.14973735809326,5.85423803329468,290.81640625,"201411.nc4","Lake Havasu City, AZ",-114.3224548,34.483901,"lake havasu city, az, usa",NA
10,2.76932297538224e-07,0,0.0035387366078794,1.11112797260284,5.94520807266235,299.221405029297,"201405.nc4","Lake Havasu City, AZ",-114.3224548,34.483901,"lake havasu city, az, usa",NA
10,8.27854455565102e-06,2.21314291337649e-08,0.0047682155855,1.17056310176849,4.8861198425293,285.640319824219,"201412.nc4","Lake Havasu City, AZ",-114.3224548,34.483901,"lake havasu city, az, usa",NA
10,2.54974825583806e-18,0,0.00388672552071512,1.08771157264709,5.54489469528198,304.498138427734,"201406.nc4","Lake Havasu City, AZ",-114.3224548,34.483901,"lake havasu city, az, usa",NA
10,4.55186500403215e-06,3.5944804910315e-09,0.0043354844674468,1.16878616809845,5.34137201309204,286.804656982422,"201501.nc4","Lake Havasu City, AZ",-114.3224548,34.483901,"lake havasu city, az, usa",NA
10,6.93806032359134e-06,0,0.00958560779690742,1.08243572711945,4.69189500808716,306.363494873047,"201407.nc4","Lake Havasu City, AZ",-114.3224548,34.483901,"lake havasu city, az, usa",NA
10,5.25279619978392e-06,0,0.00472642993554473,1.14698731899261,4.5450325012207,291.127410888672,"201502.nc4","Lake Havasu City, AZ",-114.3224548,34.483901,"lake havasu city, az, usa",NA
10,6.38103592791595e-05,0,0.0117227146402001,1.09181356430054,4.29424047470093,303.605804443359,"201408.nc4","Lake Havasu City, AZ",-114.3224548,34.483901,"lake havasu city, az, usa",NA
20,6.94196296535665e-06,0,0.0153763312846422,1.16594231128693,8.6575345993042,299.606842041016,"200205.nc4","Brownsville, TX",-97.4974838,25.9017472,"brownsville, tx, usa",NA
20,1.44719160743989e-05,0,0.0128818955272436,1.19160068035126,7.00425004959106,295.080474853516,"200111.nc4","Brownsville, TX",-97.4974838,25.9017472,"brownsville, tx, usa",NA
20,3.52889037458226e-05,0,0.0165958870202303,1.15674769878387,6.71512365341187,301.532989501953,"200206.nc4","Brownsville, TX",-97.4974838,25.9017472,"brownsville, tx, usa",NA
20,1.25061842481955e-05,0,0.01075204834342,1.20564925670624,7.3446364402771,292.099090576172,"200112.nc4","Brownsville, TX",-97.4974838,25.9017472,"brownsville, tx, usa",NA
20,3.3921140129678e-05,0,0.0180306117981672,1.15875673294067,7.50192594528198,301.621551513672,"200207.nc4","Brownsville, TX",-97.4974838,25.9017472,"brownsville, tx, usa",NA
20,8.12396137916949e-06,0,0.00993278715759516,1.21091902256012,8.45956134796143,291.104644775391,"200201.nc4","Brownsville, TX",-97.4974838,25.9017472,"brownsville, tx, usa",NA
20,2.86461126961512e-05,0,0.018044475466013,1.15590715408325,6.14345026016235,302.035461425781,"200208.nc4","Brownsville, TX",-97.4974838,25.9017472,"brownsville, tx, usa",NA
20,1.21312514238525e-05,0,0.00820667669177055,1.22248136997223,7.28641319274902,289.593444824219,"200202.nc4","Brownsville, TX",-97.4974838,25.9017472,"brownsville, tx, usa",NA
20,4.75085653306451e-05,0,0.0182506758719683,1.15777671337128,6.1501202583313,300.830230712891,"200209.nc4","Brownsville, TX",-97.4974838,25.9017472,"brownsville, tx, usa",NA
20,6.59728175378405e-06,0,0.0108744595199823,1.1975314617157,8.86851596832275,293.465728759766,"200203.nc4","Brownsville, TX",-97.4974838,25.9017472,"brownsville, tx, usa",NA
20,9.03188993106596e-05,0,0.0173939056694508,1.1684592962265,6.57407236099243,298.794982910156,"200210.nc4","Brownsville, TX",-97.4974838,25.9017472,"brownsville, tx, usa",NA
20,1.19274027383653e-05,0,0.0147960530593991,1.17468881607056,8.88284683227539,297.839752197266,"200204.nc4","Brownsville, TX",-97.4974838,25.9017472,"brownsville, tx, usa",NA
20,3.71008718502708e-05,0,0.0121584478765726,1.20265638828278,6.96507596969604,292.968383789062,"200211.nc4","Brownsville, TX",-97.4974838,25.9017472,"brownsville, tx, usa",NA
20,2.08765759452945e-05,0,0.0184407066553831,1.1521555185318,6.05840682983398,301.848205566406,"200306.nc4","Brownsville, TX",-97.4974838,25.9017472,"brownsville, tx, usa",NA
20,1.61081061378354e-05,0,0.0107221091166139,1.21151435375214,8.15555477142334,290.825408935547,"200212.nc4","Brownsville, TX",-97.4974838,25.9017472,"brownsville, tx, usa",NA
20,3.75395029550418e-05,0,0.018097497522831,1.15921723842621,6.68777179718018,301.520721435547,"200307.nc4","Brownsville, TX",-97.4974838,25.9017472,"brownsville, tx, usa",NA
20,2.21011014218675e-05,0,0.00954706873744726,1.22426009178162,6.70945692062378,289.270568847656,"200301.nc4","Brownsville, TX",-97.4974838,25.9017472,"brownsville, tx, usa",NA
20,3.03046472254209e-05,0,0.0184186398983002,1.15835344791412,5.81420469284058,301.481811523438,"200308.nc4","Brownsville, TX",-97.4974838,25.9017472,"brownsville, tx, usa",NA
20,1.3854393728252e-05,0,0.010284292511642,1.21141648292542,7.88837003707886,290.273559570312,"200302.nc4","Brownsville, TX",-97.4974838,25.9017472,"brownsville, tx, usa",NA
20,9.6382005722262e-05,0,0.0191521514207125,1.16176128387451,5.72659301757812,300.418029785156,"200309.nc4","Brownsville, TX",-97.4974838,25.9017472,"brownsville, tx, usa",NA
20,1.59317187353736e-05,0,0.0117702512070537,1.19117820262909,6.98851728439331,293.851501464844,"200303.nc4","Brownsville, TX",-97.4974838,25.9017472,"brownsville, tx, usa",NA
20,0.00014191577793099,0,0.0168910268694162,1.17511832714081,6.34284591674805,297.714172363281,"200310.nc4","Brownsville, TX",-97.4974838,25.9017472,"brownsville, tx, usa",NA
20,3.14036478812341e-05,0,0.0137640181928873,1.18004977703094,7.87046146392822,296.376922607422,"200304.nc4","Brownsville, TX",-97.4974838,25.9017472,"brownsville, tx, usa",NA
20,1.3723044503422e-05,0,0.0142286838963628,1.18883907794952,7.70268726348877,295.62548828125,"200311.nc4","Brownsville, TX",-97.4974838,25.9017472,"brownsville, tx, usa",NA
20,7.30284455130459e-06,0,0.0164413116872311,1.15906763076782,7.91437768936157,300.540283203125,"200305.nc4","Brownsville, TX",-97.4974838,25.9017472,"brownsville, tx, usa",NA
20,1.71432402567007e-05,0,0.00982308480888605,1.21310925483704,7.70213508605957,291.165283203125,"200312.nc4","Brownsville, TX",-97.4974838,25.9017472,"brownsville, tx, usa",NA
20,1.18162715807557e-05,0,0.017688125371933,1.15738153457642,6.60785484313965,301.73583984375,"200407.nc4","Brownsville, TX",-97.4974838,25.9017472,"brownsville, tx, usa",NA
20,2.5425117200939e-05,0,0.0105681447312236,1.21255040168762,7.61765956878662,290.773345947266,"200401.nc4","Brownsville, TX",-97.4974838,25.9017472,"brownsville, tx, usa",NA
20,2.21467980736634e-05,0,0.0181304905563593,1.15673327445984,6.03011465072632,301.973541259766,"200408.nc4","Brownsville, TX",-97.4974838,25.9017472,"brownsville, tx, usa",NA
20,1.25050564747653e-05,0,0.0093990471214056,1.21477830410004,7.79024314880371,290.169097900391,"200402.nc4","Brownsville, TX",-97.4974838,25.9017472,"brownsville, tx, usa",NA
20,4.28932617069222e-05,0,0.0187201332300901,1.15877413749695,5.10640525817871,301.165710449219,"200409.nc4","Brownsville, TX",-97.4974838,25.9017472,"brownsville, tx, usa",NA
20,4.46635240223259e-05,0,0.0130477119237185,1.1925003528595,7.53607273101807,294.865112304688,"200403.nc4","Brownsville, TX",-97.4974838,25.9017472,"brownsville, tx, usa",NA
20,1.59643623192096e-05,0,0.0170757044106722,1.16288816928864,7.38834953308105,300.206634521484,"200410.nc4","Brownsville, TX",-97.4974838,25.9017472,"brownsville, tx, usa",NA
20,3.17318408633582e-05,0,0.0143951186910272,1.18326056003571,8.34361457824707,295.889251708984,"200404.nc4","Brownsville, TX",-97.4974838,25.9017472,"brownsville, tx, usa",NA
20,2.21308000618592e-05,0,0.0127196051180363,1.18643140792847,8.17283248901367,296.108428955078,"200411.nc4","Brownsville, TX",-97.4974838,25.9017472,"brownsville, tx, usa",NA
20,3.28902315231971e-05,0,0.0158246196806431,1.17219889163971,8.64892482757568,298.317169189453,"200405.nc4","Brownsville, TX",-97.4974838,25.9017472,"brownsville, tx, usa",NA
20,2.41008056036662e-05,1.12389705009264e-06,0.0095784654840827,1.2162492275238,7.34686040878296,290.655426025391,"200412.nc4","Brownsville, TX",-97.4974838,25.9017472,"brownsville, tx, usa",NA
20,4.51730957138352e-05,0,0.0186773687601089,1.1598709821701,7.43452310562134,300.786315917969,"200406.nc4","Brownsville, TX",-97.4974838,25.9017472,"brownsville, tx, usa",NA
20,1.30377256937209e-05,0,0.0112289348617196,1.20628523826599,7.42246675491333,292.381317138672,"200501.nc4","Brownsville, TX",-97.4974838,25.9017472,"brownsville, tx, usa",NA
20,9.64742594078416e-06,0,0.0108460765331984,1.20541536808014,7.7489914894104,292.601928710938,"200001.nc4","Brownsville, TX",-97.4974838,25.9017472,"brownsville, tx, usa",NA
20,2.27393884415505e-05,0,0.0108692729845643,1.20653259754181,7.48482227325439,291.879486083984,"200502.nc4","Brownsville, TX",-97.4974838,25.9017472,"brownsville, tx, usa",NA
20,1.50099340316956e-05,0,0.0118594346567988,1.19692492485046,8.60470771789551,294.211151123047,"200002.nc4","Brownsville, TX",-97.4974838,25.9017472,"brownsville, tx, usa",NA
20,1.83123374881689e-05,0,0.0110886534675956,1.19041466712952,7.2344822883606,294.231781005859,"200503.nc4","Brownsville, TX",-97.4974838,25.9017472,"brownsville, tx, usa",NA
20,1.90328391909134e-05,0,0.0137166483327746,1.18174707889557,8.25467300415039,296.045684814453,"200003.nc4","Brownsville, TX",-97.4974838,25.9017472,"brownsville, tx, usa",NA
20,6.42563736619195e-06,0,0.0118303075432777,1.18024909496307,7.81202173233032,296.831909179688,"200504.nc4","Brownsville, TX",-97.4974838,25.9017472,"brownsville, tx, usa",NA
20,1.0816945177794e-05,0,0.0136359743773937,1.17897498607635,8.06326675415039,297.111267089844,"200004.nc4","Brownsville, TX",-97.4974838,25.9017472,"brownsville, tx, usa",NA
20,1.75510158442194e-05,0,0.0147884804755449,1.1689670085907,7.19994974136353,298.774017333984,"200505.nc4","Brownsville, TX",-97.4974838,25.9017472,"brownsville, tx, usa",NA
20,1.05813287518686e-05,0,0.0170073863118887,1.16146790981293,8.62074089050293,300.05126953125,"200005.nc4","Brownsville, TX",-97.4974838,25.9017472,"brownsville, tx, usa",NA
20,7.23484708942124e-06,0,0.0167331304401159,1.15304505825043,6.94128179550171,301.9951171875,"200506.nc4","Brownsville, TX",-97.4974838,25.9017472,"brownsville, tx, usa",NA
20,2.96401176456129e-05,0,0.0171717442572117,1.16196167469025,8.11729335784912,300.662933349609,"200006.nc4","Brownsville, TX",-97.4974838,25.9017472,"brownsville, tx, usa",NA
20,3.91500179830473e-05,0,0.0183123610913754,1.15444052219391,6.80752086639404,302.291717529297,"200507.nc4","Brownsville, TX",-97.4974838,25.9017472,"brownsville, tx, usa",NA
20,9.49194145505317e-06,0,0.0163511540740728,1.15849387645721,7.39871501922607,301.750885009766,"200007.nc4","Brownsville, TX",-97.4974838,25.9017472,"brownsville, tx, usa",NA
20,2.54567275987938e-05,0,0.0185600183904171,1.15304231643677,5.64303302764893,302.53076171875,"200508.nc4","Brownsville, TX",-97.4974838,25.9017472,"brownsville, tx, usa",NA
20,3.68306573363952e-05,0,0.0177716072648764,1.15963661670685,5.6708927154541,301.582183837891,"200008.nc4","Brownsville, TX",-97.4974838,25.9017472,"brownsville, tx, usa",NA
20,4.43361459474545e-05,0,0.0183814074844122,1.15564799308777,5.68412828445435,302.138153076172,"200509.nc4","Brownsville, TX",-97.4974838,25.9017472,"brownsville, tx, usa",NA
20,2.826935997291e-05,0,0.0161491837352514,1.16023325920105,6.32869243621826,300.877105712891,"200009.nc4","Brownsville, TX",-97.4974838,25.9017472,"brownsville, tx, usa",NA
20,1.91202034329763e-05,0,0.0147953061386943,1.17318391799927,6.46254730224609,298.573364257812,"200510.nc4","Brownsville, TX",-97.4974838,25.9017472,"brownsville, tx, usa",NA
20,3.73154907720163e-05,0,0.0150672383606434,1.17986726760864,7.17078685760498,297.663848876953,"200010.nc4","Brownsville, TX",-97.4974838,25.9017472,"brownsville, tx, usa",NA
20,2.44156508415472e-05,0,0.0119266966357827,1.19183671474457,7.47525453567505,295.250366210938,"200511.nc4","Brownsville, TX",-97.4974838,25.9017472,"brownsville, tx, usa",NA
20,2.10736234294018e-05,0,0.011874008923769,1.19511461257935,8.03654193878174,293.874633789062,"200011.nc4","Brownsville, TX",-97.4974838,25.9017472,"brownsville, tx, usa",NA
20,2.1248673874652e-05,0,0.0104151200503111,1.2082759141922,7.14313411712646,291.644805908203,"200512.nc4","Brownsville, TX",-97.4974838,25.9017472,"brownsville, tx, usa",NA
20,2.78116058325395e-05,0,0.00942367501556873,1.22039532661438,7.87651014328003,289.879669189453,"200012.nc4","Brownsville, TX",-97.4974838,25.9017472,"brownsville, tx, usa",NA
20,8.88033082446782e-06,0,0.0101013733074069,1.20530581474304,7.75046443939209,292.448822021484,"200601.nc4","Brownsville, TX",-97.4974838,25.9017472,"brownsville, tx, usa",NA
20,1.63450386025943e-05,0,0.00933678820729256,1.22034108638763,7.7518105506897,289.523193359375,"200101.nc4","Brownsville, TX",-97.4974838,25.9017472,"brownsville, tx, usa",NA
20,6.80994708091021e-06,0,0.00939348433166742,1.20790731906891,8.27443790435791,291.90625,"200602.nc4","Brownsville, TX",-97.4974838,25.9017472,"brownsville, tx, usa",NA
20,2.69482461590087e-05,0,0.0116491969674826,1.20357465744019,8.47894763946533,292.563812255859,"200102.nc4","Brownsville, TX",-97.4974838,25.9017472,"brownsville, tx, usa",NA
20,1.53586715896381e-05,0,0.012206313200295,1.18832993507385,8.89746189117432,295.092895507812,"200603.nc4","Brownsville, TX",-97.4974838,25.9017472,"brownsville, tx, usa",NA
20,1.95874999917578e-05,0,0.0102092828601599,1.19910955429077,7.19877243041992,292.858459472656,"200103.nc4","Brownsville, TX",-97.4974838,25.9017472,"brownsville, tx, usa",NA
20,5.73831357542076e-06,0,0.0144122755154967,1.1719673871994,8.56013011932373,298.057556152344,"200604.nc4","Brownsville, TX",-97.4974838,25.9017472,"brownsville, tx, usa",NA
20,1.09916409201105e-05,0,0.014286395162344,1.17758178710938,8.91086959838867,297.406097412109,"200104.nc4","Brownsville, TX",-97.4974838,25.9017472,"brownsville, tx, usa",NA
20,1.49664838318131e-05,0,0.0155265433713794,1.16475260257721,7.76428318023682,299.659729003906,"200605.nc4","Brownsville, TX",-97.4974838,25.9017472,"brownsville, tx, usa",NA
20,2.49545992119238e-05,0,0.01520193554461,1.16887938976288,7.57337951660156,299.020965576172,"200105.nc4","Brownsville, TX",-97.4974838,25.9017472,"brownsville, tx, usa",NA
20,1.74228716787184e-05,0,0.0164709370583296,1.16103708744049,6.12304973602295,300.999847412109,"200606.nc4","Brownsville, TX",-97.4974838,25.9017472,"brownsville, tx, usa",NA
20,1.461267038394e-05,0,0.0170523747801781,1.15713787078857,6.46401691436768,301.624114990234,"200106.nc4","Brownsville, TX",-97.4974838,25.9017472,"brownsville, tx, usa",NA
20,3.70172965631355e-05,0,0.0182765573263168,1.15905594825745,6.44064235687256,301.436279296875,"200607.nc4","Brownsville, TX",-97.4974838,25.9017472,"brownsville, tx, usa",NA
20,2.32425190915819e-05,0,0.017606457695365,1.15796947479248,6.88785314559937,301.616180419922,"200107.nc4","Brownsville, TX",-97.4974838,25.9017472,"brownsville, tx, usa",NA
20,3.39264115609694e-05,0,0.0185426808893681,1.15645027160645,5.92910051345825,301.715240478516,"200608.nc4","Brownsville, TX",-97.4974838,25.9017472,"brownsville, tx, usa",NA
20,4.28406456194352e-05,0,0.0180174224078655,1.15756285190582,6.95574903488159,301.852081298828,"200108.nc4","Brownsville, TX",-97.4974838,25.9017472,"brownsville, tx, usa",NA
20,3.62254031642806e-05,0,0.0183516629040241,1.16041827201843,6.2249584197998,300.782409667969,"200609.nc4","Brownsville, TX",-97.4974838,25.9017472,"brownsville, tx, usa",NA
20,4.24798927269876e-05,0,0.0178918931633234,1.1622314453125,6.62276029586792,300.491607666016,"200109.nc4","Brownsville, TX",-97.4974838,25.9017472,"brownsville, tx, usa",NA
20,6.17609402979724e-05,0,0.0173374228179455,1.16929543018341,6.58493041992188,298.816925048828,"200610.nc4","Brownsville, TX",-97.4974838,25.9017472,"brownsville, tx, usa",NA
20,1.12170728243655e-05,0,0.0141686126589775,1.17787337303162,7.01010227203369,298.095855712891,"200110.nc4","Brownsville, TX",-97.4974838,25.9017472,"brownsville, tx, usa",NA
20,1.01945133792469e-05,0,0.0125775709748268,1.18971967697144,7.35858631134033,295.413726806641,"200611.nc4","Brownsville, TX",-97.4974838,25.9017472,"brownsville, tx, usa",NA
20,2.39140972553287e-05,0,0.0100865634158254,1.21351933479309,7.67798233032227,290.817443847656,"201112.nc4","Brownsville, TX",-97.4974838,25.9017472,"brownsville, tx, usa",NA
20,4.61539711977821e-05,0,0.0105219054967165,1.21359813213348,7.10712289810181,291.004943847656,"200612.nc4","Brownsville, TX",-97.4974838,25.9017472,"brownsville, tx, usa",NA
20,8.55445250635967e-06,0,0.0103573547676206,1.20794284343719,7.63623571395874,291.949768066406,"201201.nc4","Brownsville, TX",-97.4974838,25.9017472,"brownsville, tx, usa",NA
20,3.9776034100214e-05,0,0.00943063572049141,1.22650480270386,7.57545709609985,288.231994628906,"200701.nc4","Brownsville, TX",-97.4974838,25.9017472,"brownsville, tx, usa",NA
20,2.71400658675702e-05,0,0.0115031581372023,1.20474362373352,7.47513198852539,292.116638183594,"201202.nc4","Brownsville, TX",-97.4974838,25.9017472,"brownsville, tx, usa",NA
20,7.91768707131268e-06,0,0.0103964302688837,1.20868277549744,7.25240516662598,291.411041259766,"200702.nc4","Brownsville, TX",-97.4974838,25.9017472,"brownsville, tx, usa",NA
20,1.09903476186446e-05,0,0.0127915414050221,1.18825209140778,8.43629837036133,295.100341796875,"201203.nc4","Brownsville, TX",-97.4974838,25.9017472,"brownsville, tx, usa",NA
20,2.23896058741957e-05,0,0.0125868674367666,1.1930627822876,8.36207485198975,294.498443603516,"200703.nc4","Brownsville, TX",-97.4974838,25.9017472,"brownsville, tx, usa",NA
20,6.40587040834362e-06,0,0.0139846364036202,1.17383289337158,8.19169616699219,297.918609619141,"201204.nc4","Brownsville, TX",-97.4974838,25.9017472,"brownsville, tx, usa",NA
20,1.90464852494188e-05,0,0.0132038490846753,1.18414807319641,7.83678770065308,295.725402832031,"200704.nc4","Brownsville, TX",-97.4974838,25.9017472,"brownsville, tx, usa",NA
20,1.40299853228498e-05,0,0.0157380849123001,1.16549813747406,7.41132164001465,299.500122070312,"201205.nc4","Brownsville, TX",-97.4974838,25.9017472,"brownsville, tx, usa",NA
20,2.26643769565271e-05,0,0.0156015576794744,1.16956901550293,7.05682754516602,298.822570800781,"200705.nc4","Brownsville, TX",-97.4974838,25.9017472,"brownsville, tx, usa",NA
20,1.6301792129525e-05,0,0.0169390588998795,1.15507924556732,6.54886627197266,301.616943359375,"201206.nc4","Brownsville, TX",-97.4974838,25.9017472,"brownsville, tx, usa",NA
20,2.27529726544162e-05,0,0.017497954890132,1.15740895271301,7.24617385864258,301.2763671875,"200706.nc4","Brownsville, TX",-97.4974838,25.9017472,"brownsville, tx, usa",NA
20,1.85896333277924e-05,0,0.0176517590880394,1.15891885757446,7.36040449142456,301.545837402344,"201207.nc4","Brownsville, TX",-97.4974838,25.9017472,"brownsville, tx, usa",NA
20,6.7731954914052e-05,0,0.0198480021208525,1.15974295139313,6.77125024795532,300.754638671875,"200707.nc4","Brownsville, TX",-97.4974838,25.9017472,"brownsville, tx, usa",NA
20,1.44972755151684e-05,0,0.0175809450447559,1.15455150604248,6.29714870452881,302.118377685547,"201208.nc4","Brownsville, TX",-97.4974838,25.9017472,"brownsville, tx, usa",NA
20,3.68153705494478e-05,0,0.0199886802583933,1.15698635578156,5.51484298706055,301.445678710938,"200708.nc4","Brownsville, TX",-97.4974838,25.9017472,"brownsville, tx, usa",NA
20,2.4496415790054e-05,0,0.016643738374114,1.16143536567688,6.25268936157227,301.078979492188,"201209.nc4","Brownsville, TX",-97.4974838,25.9017472,"brownsville, tx, usa",NA
20,4.48398022854235e-05,0,0.0197314396500587,1.16110348701477,4.65767478942871,300.736206054688,"200709.nc4","Brownsville, TX",-97.4974838,25.9017472,"brownsville, tx, usa",NA
20,8.55677171784919e-06,0,0.014523146674037,1.17109656333923,7.05810499191284,299.026794433594,"201210.nc4","Brownsville, TX",-97.4974838,25.9017472,"brownsville, tx, usa",NA
20,1.73922635440249e-05,0,0.015342028811574,1.17345809936523,6.34450626373291,298.379760742188,"200710.nc4","Brownsville, TX",-97.4974838,25.9017472,"brownsville, tx, usa",NA
20,1.58712773554726e-05,0,0.0120761571452022,1.19156062602997,6.71310758590698,295.7998046875,"201211.nc4","Brownsville, TX",-97.4974838,25.9017472,"brownsville, tx, usa",NA
20,2.05449941859115e-05,0,0.0125616434961557,1.19373428821564,6.7879467010498,294.924774169922,"200711.nc4","Brownsville, TX",-97.4974838,25.9017472,"brownsville, tx, usa",NA
20,3.25643486576155e-06,0,0.0107687124982476,1.19963896274567,8.03815937042236,293.164733886719,"201212.nc4","Brownsville, TX",-97.4974838,25.9017472,"brownsville, tx, usa",NA
20,8.81492633197922e-06,0,0.0109650613740087,1.20176136493683,7.69217205047607,292.8857421875,"200712.nc4","Brownsville, TX",-97.4974838,25.9017472,"brownsville, tx, usa",NA
20,4.78467154607642e-05,0,0.00951228942722082,1.21819519996643,8.03379917144775,289.897369384766,"201301.nc4","Brownsville, TX",-97.4974838,25.9017472,"brownsville, tx, usa",NA
20,2.64594727923395e-05,0,0.00956593453884125,1.21696436405182,7.89471483230591,290.209899902344,"200801.nc4","Brownsville, TX",-97.4974838,25.9017472,"brownsville, tx, usa",NA
20,8.15190560388146e-06,0,0.0106300432235003,1.19645023345947,7.38472843170166,293.510986328125,"201302.nc4","Brownsville, TX",-97.4974838,25.9017472,"brownsville, tx, usa",NA
20,6.96763936502975e-06,0,0.0109897693619132,1.19701874256134,8.69320583343506,293.487243652344,"200802.nc4","Brownsville, TX",-97.4974838,25.9017472,"brownsville, tx, usa",NA
20,3.79306925424316e-06,0,0.00962800532579422,1.20039963722229,8.39979553222656,293.256256103516,"201303.nc4","Brownsville, TX",-97.4974838,25.9017472,"brownsville, tx, usa",NA
20,6.82162499288097e-06,0,0.0104778055101633,1.19434785842896,9.48562240600586,294.087280273438,"200803.nc4","Brownsville, TX",-97.4974838,25.9017472,"brownsville, tx, usa",NA
20,1.94547010323731e-05,0,0.0126172378659248,1.18369281291962,8.14512634277344,295.52099609375,"201304.nc4","Brownsville, TX",-97.4974838,25.9017472,"brownsville, tx, usa",NA
20,1.98273355636047e-05,0,0.0129537852481008,1.17998850345612,8.29058837890625,296.619415283203,"200804.nc4","Brownsville, TX",-97.4974838,25.9017472,"brownsville, tx, usa",NA
20,1.72313521034084e-05,0,0.0151137942448258,1.17265200614929,8.20498943328857,298.133270263672,"201305.nc4","Brownsville, TX",-97.4974838,25.9017472,"brownsville, tx, usa",NA
20,2.28821936616441e-05,0,0.0160632412880659,1.16133558750153,7.93576812744141,299.760101318359,"200805.nc4","Brownsville, TX",-97.4974838,25.9017472,"brownsville, tx, usa",NA
20,1.12466341306572e-05,0,0.0169761888682842,1.15737283229828,7.19355058670044,301.464508056641,"201306.nc4","Brownsville, TX",-97.4974838,25.9017472,"brownsville, tx, usa",NA
20,1.26371714941342e-05,0,0.0165602527558804,1.15966176986694,7.84747409820557,301.127563476562,"200806.nc4","Brownsville, TX",-97.4974838,25.9017472,"brownsville, tx, usa",NA
20,1.92504085134715e-05,0,0.0172774773091078,1.15972328186035,6.920334815979,301.270965576172,"201307.nc4","Brownsville, TX",-97.4974838,25.9017472,"brownsville, tx, usa",NA
20,0.000111781278974377,0,0.0187057573348284,1.16305577754974,7.39789867401123,300.162231445312,"200807.nc4","Brownsville, TX",-97.4974838,25.9017472,"brownsville, tx, usa",NA
20,2.28649805649184e-05,0,0.0177111495286226,1.15795350074768,5.93141508102417,301.734191894531,"201308.nc4","Brownsville, TX",-97.4974838,25.9017472,"brownsville, tx, usa",NA
20,3.58436336682644e-05,0,0.0199894290417433,1.15622067451477,6.10443305969238,301.088287353516,"200808.nc4","Brownsville, TX",-97.4974838,25.9017472,"brownsville, tx, usa",NA
20,4.41990669060033e-05,0,0.0190651640295982,1.1584130525589,6.36015176773071,300.733184814453,"201309.nc4","Brownsville, TX",-97.4974838,25.9017472,"brownsville, tx, usa",NA
20,5.10882455273531e-05,0,0.0183191522955894,1.16520082950592,5.7675576210022,299.773803710938,"200809.nc4","Brownsville, TX",-97.4974838,25.9017472,"brownsville, tx, usa",NA
20,1.91450435522711e-05,0,0.0156381241977215,1.17087578773499,6.83547735214233,298.974792480469,"201310.nc4","Brownsville, TX",-97.4974838,25.9017472,"brownsville, tx, usa",NA
20,1.63783552125096e-05,0,0.0148837696760893,1.18241512775421,5.64739656448364,297.325317382812,"200810.nc4","Brownsville, TX",-97.4974838,25.9017472,"brownsville, tx, usa",NA
20,1.60848394443747e-05,0,0.011753773316741,1.20549929141998,7.0362811088562,292.648315429688,"201311.nc4","Brownsville, TX",-97.4974838,25.9017472,"brownsville, tx, usa",NA
20,6.07484253123403e-05,0,0.0126912705600262,1.19429898262024,6.57330131530762,294.650177001953,"200811.nc4","Brownsville, TX",-97.4974838,25.9017472,"brownsville, tx, usa",NA
20,4.96963584737387e-05,0,0.00958484970033169,1.2229905128479,7.02475881576538,288.838653564453,"201312.nc4","Brownsville, TX",-97.4974838,25.9017472,"brownsville, tx, usa",NA
20,1.22792271213257e-05,0,0.0107024647295475,1.20750153064728,8.13801193237305,291.873413085938,"200812.nc4","Brownsville, TX",-97.4974838,25.9017472,"brownsville, tx, usa",NA
20,1.14043496068916e-05,4.99008649512689e-07,0.00859985128045082,1.23015522956848,7.51847648620605,287.679534912109,"201401.nc4","Brownsville, TX",-97.4974838,25.9017472,"brownsville, tx, usa",NA
20,7.62900026529678e-06,0,0.00967105850577354,1.21032631397247,7.16994047164917,291.605316162109,"200901.nc4","Brownsville, TX",-97.4974838,25.9017472,"brownsville, tx, usa",NA
20,1.62571832333924e-05,0,0.0103785693645477,1.21399521827698,7.79006195068359,289.768341064453,"201402.nc4","Brownsville, TX",-97.4974838,25.9017472,"brownsville, tx, usa",NA
20,1.03960474007181e-05,0,0.0109815998002887,1.20000457763672,8.95499897003174,293.509063720703,"200902.nc4","Brownsville, TX",-97.4974838,25.9017472,"brownsville, tx, usa",NA
20,2.76906357612461e-05,0,0.0112438434734941,1.20359718799591,7.7325758934021,291.887817382812,"201403.nc4","Brownsville, TX",-97.4974838,25.9017472,"brownsville, tx, usa",NA
20,6.80788389217923e-06,0,0.0108687616884708,1.19664204120636,8.36856746673584,293.667633056641,"200903.nc4","Brownsville, TX",-97.4974838,25.9017472,"brownsville, tx, usa",NA
20,1.17004601634108e-05,0,0.0130550190806389,1.18085098266602,8.22799205780029,296.232696533203,"201404.nc4","Brownsville, TX",-97.4974838,25.9017472,"brownsville, tx, usa",NA
20,8.03965485829394e-06,0,0.0124072236940265,1.17845439910889,8.87109184265137,297.062896728516,"200904.nc4","Brownsville, TX",-97.4974838,25.9017472,"brownsville, tx, usa",NA
20,1.13810410766746e-05,0,0.0141293480992317,1.17695665359497,8.14922618865967,297.581787109375,"201405.nc4","Brownsville, TX",-97.4974838,25.9017472,"brownsville, tx, usa",NA
20,9.36967171583092e-06,0,0.0156956482678652,1.16577172279358,7.68648719787598,299.411407470703,"200905.nc4","Brownsville, TX",-97.4974838,25.9017472,"brownsville, tx, usa",NA
20,1.40705806188635e-05,0,0.0170732382684946,1.15804433822632,8.42280197143555,301.216644287109,"201406.nc4","Brownsville, TX",-97.4974838,25.9017472,"brownsville, tx, usa",NA
20,1.35292375489371e-05,0,0.0171955805271864,1.15680170059204,7.32348442077637,301.222412109375,"200906.nc4","Brownsville, TX",-97.4974838,25.9017472,"brownsville, tx, usa",NA
20,1.14572430902626e-05,0,0.0172479245811701,1.16073405742645,6.972092628479,301.365264892578,"201407.nc4","Brownsville, TX",-97.4974838,25.9017472,"brownsville, tx, usa",NA
20,7.82048755354481e-06,0,0.0174718666821718,1.15628170967102,7.74388647079468,301.953247070312,"200907.nc4","Brownsville, TX",-97.4974838,25.9017472,"brownsville, tx, usa",NA
20,2.53028210863704e-05,0,0.0180552359670401,1.15552508831024,6.50457239151001,302.052673339844,"201408.nc4","Brownsville, TX",-97.4974838,25.9017472,"brownsville, tx, usa",NA
20,1.53127130033681e-05,0,0.0169618725776672,1.15697228908539,6.14172792434692,302.103302001953,"200908.nc4","Brownsville, TX",-97.4974838,25.9017472,"brownsville, tx, usa",NA
20,5.33557904418558e-05,0,0.0195567142218351,1.16002893447876,6.11369848251343,300.75341796875,"201409.nc4","Brownsville, TX",-97.4974838,25.9017472,"brownsville, tx, usa",NA
20,4.26350561610889e-05,0,0.0185853578150272,1.16079115867615,5.0213418006897,300.801849365234,"200909.nc4","Brownsville, TX",-97.4974838,25.9017472,"brownsville, tx, usa",NA
20,1.29313175420975e-05,0,0.0162384603172541,1.16962885856628,6.63305187225342,299.179718017578,"201410.nc4","Brownsville, TX",-97.4974838,25.9017472,"brownsville, tx, usa",NA
20,4.73116306238808e-05,0,0.0158420391380787,1.16936957836151,8.36354160308838,298.604888916016,"200910.nc4","Brownsville, TX",-97.4974838,25.9017472,"brownsville, tx, usa",NA
20,4.81273091281764e-05,0,0.0110144428908825,1.20964193344116,7.62291574478149,291.754089355469,"201411.nc4","Brownsville, TX",-97.4974838,25.9017472,"brownsville, tx, usa",NA
20,2.11109145311639e-05,0,0.0114095564931631,1.19635903835297,6.53739881515503,294.173217773438,"200911.nc4","Brownsville, TX",-97.4974838,25.9017472,"brownsville, tx, usa",NA
20,2.97114911518293e-05,0,0.0119043821468949,1.20525479316711,6.96099138259888,292.22265625,"201412.nc4","Brownsville, TX",-97.4974838,25.9017472,"brownsville, tx, usa",NA
20,7.2215152613353e-05,0,0.0096631171181798,1.22169017791748,7.21523380279541,288.271697998047,"200912.nc4","Brownsville, TX",-97.4974838,25.9017472,"brownsville, tx, usa",NA
20,3.34024953190237e-05,0,0.00844411365687847,1.23751521110535,6.42794418334961,286.451477050781,"201501.nc4","Brownsville, TX",-97.4974838,25.9017472,"brownsville, tx, usa",NA
20,1.70661514857784e-05,8.63582677910542e-24,0.00885132420808077,1.22444641590118,7.76909303665161,288.399017333984,"201001.nc4","Brownsville, TX",-97.4974838,25.9017472,"brownsville, tx, usa",NA
20,2.01515886146808e-05,0,0.00973955821245909,1.21896851062775,7.15519428253174,289.583770751953,"201502.nc4","Brownsville, TX",-97.4974838,25.9017472,"brownsville, tx, usa",NA
20,4.72742358397227e-05,0,0.00905483774840832,1.22127509117126,6.73368835449219,288.357940673828,"201002.nc4","Brownsville, TX",-97.4974838,25.9017472,"brownsville, tx, usa",NA
20,5.61433553230017e-05,0,0.0121786436066031,1.2044358253479,6.52996015548706,292.332305908203,"201503.nc4","Brownsville, TX",-97.4974838,25.9017472,"brownsville, tx, usa",NA
20,8.64910816744668e-06,0,0.00953396875411272,1.20442736148834,7.85041666030884,291.778167724609,"201003.nc4","Brownsville, TX",-97.4974838,25.9017472,"brownsville, tx, usa",NA
20,4.9551028496353e-05,0,0.0163367446511984,1.17356204986572,7.11012649536133,297.365173339844,"201504.nc4","Brownsville, TX",-97.4974838,25.9017472,"brownsville, tx, usa",NA
20,2.77134895441122e-05,0,0.013563402928412,1.18101155757904,7.65552473068237,296.014984130859,"201004.nc4","Brownsville, TX",-97.4974838,25.9017472,"brownsville, tx, usa",NA
20,3.267113424954e-05,0,0.0178754534572363,1.16679072380066,8.43036651611328,299.250274658203,"201505.nc4","Brownsville, TX",-97.4974838,25.9017472,"brownsville, tx, usa",NA
20,8.7176495071617e-06,0,0.0159439407289028,1.16351389884949,8.08108043670654,299.700744628906,"201005.nc4","Brownsville, TX",-97.4974838,25.9017472,"brownsville, tx, usa",NA
20,2.44083403231343e-05,0,0.0184270702302456,1.16012275218964,6.8502984046936,301.018371582031,"201506.nc4","Brownsville, TX",-97.4974838,25.9017472,"brownsville, tx, usa",NA
20,3.0554012482753e-05,0,0.0188159067183733,1.15416705608368,7.39990711212158,301.707092285156,"201006.nc4","Brownsville, TX",-97.4974838,25.9017472,"brownsville, tx, usa",NA
20,8.70865915203467e-06,0,0.0180383436381817,1.15782248973846,8.06465625762939,301.692443847656,"201507.nc4","Brownsville, TX",-97.4974838,25.9017472,"brownsville, tx, usa",NA
20,7.58027308620512e-05,0,0.0200516544282436,1.15651750564575,6.94587802886963,301.474700927734,"201007.nc4","Brownsville, TX",-97.4974838,25.9017472,"brownsville, tx, usa",NA
20,1.9381805032026e-05,0,0.0181358922272921,1.1552449464798,6.10618162155151,302.110870361328,"201508.nc4","Brownsville, TX",-97.4974838,25.9017472,"brownsville, tx, usa",NA
20,1.80933802766958e-05,0,0.0190551318228245,1.1525251865387,5.7757396697998,302.387176513672,"201008.nc4","Brownsville, TX",-97.4974838,25.9017472,"brownsville, tx, usa",NA
20,3.38569079758599e-05,0,0.0185371283441782,1.15884053707123,5.85025978088379,301.092956542969,"201509.nc4","Brownsville, TX",-97.4974838,25.9017472,"brownsville, tx, usa",NA
20,9.22366234590299e-05,0,0.0193234756588936,1.15885198116302,5.8223819732666,300.740753173828,"201009.nc4","Brownsville, TX",-97.4974838,25.9017472,"brownsville, tx, usa",NA
20,4.41665179096162e-05,0,0.0165975000709295,1.16864943504333,6.39055585861206,299.152893066406,"201510.nc4","Brownsville, TX",-97.4974838,25.9017472,"brownsville, tx, usa",NA
20,1.13060821149702e-06,0,0.0138357980176806,1.17852306365967,6.66858863830566,297.996307373047,"201010.nc4","Brownsville, TX",-97.4974838,25.9017472,"brownsville, tx, usa",NA
20,2.43955528276274e-05,0,0.0144255729392171,1.186807513237,6.89408874511719,295.653381347656,"201511.nc4","Brownsville, TX",-97.4974838,25.9017472,"brownsville, tx, usa",NA
20,5.56768372916849e-06,0,0.0110921040177345,1.19391918182373,8.35293865203857,294.527160644531,"201011.nc4","Brownsville, TX",-97.4974838,25.9017472,"brownsville, tx, usa",NA
20,9.97929600998759e-06,0,0.0114326793700457,1.19961225986481,7.67959213256836,292.828491210938,"201512.nc4","Brownsville, TX",-97.4974838,25.9017472,"brownsville, tx, usa",NA
20,3.40662563758087e-06,0,0.00938143022358418,1.2100738286972,7.92035484313965,291.310913085938,"201012.nc4","Brownsville, TX",-97.4974838,25.9017472,"brownsville, tx, usa",NA
20,2.76570190180792e-05,0,0.00861869100481272,1.22147572040558,7.37706756591797,289.053833007812,"201601.nc4","Brownsville, TX",-97.4974838,25.9017472,"brownsville, tx, usa",NA
20,2.06692129722796e-05,0,0.0093127777799964,1.21352243423462,7.05884838104248,290.351348876953,"201101.nc4","Brownsville, TX",-97.4974838,25.9017472,"brownsville, tx, usa",NA
20,8.54522113513667e-07,0,0.00916354265064001,1.20833706855774,7.81023740768433,292.198303222656,"201602.nc4","Brownsville, TX",-97.4974838,25.9017472,"brownsville, tx, usa",NA
20,4.37734070146689e-06,2.24091095901713e-07,0.00933694187551737,1.21886849403381,9.10473251342773,289.325073242188,"201102.nc4","Brownsville, TX",-97.4974838,25.9017472,"brownsville, tx, usa",NA
20,1.66700046975166e-05,0,0.0126857543364167,1.1860179901123,7.84332752227783,295.176666259766,"201603.nc4","Brownsville, TX",-97.4974838,25.9017472,"brownsville, tx, usa",NA
20,5.71298369322903e-06,0,0.0119286021217704,1.19071066379547,8.21535682678223,294.634796142578,"201103.nc4","Brownsville, TX",-97.4974838,25.9017472,"brownsville, tx, usa",NA
20,1.8730279407464e-05,0,0.0145478332415223,1.17566621303558,6.70062351226807,297.309936523438,"201604.nc4","Brownsville, TX",-97.4974838,25.9017472,"brownsville, tx, usa",NA
20,3.99135524276062e-06,0,0.0139588946476579,1.16953313350677,10.0282325744629,298.203247070312,"201104.nc4","Brownsville, TX",-97.4974838,25.9017472,"brownsville, tx, usa",NA
20,2.09484787774272e-05,0,0.0168174467980862,1.16486418247223,7.14460182189941,299.631225585938,"201605.nc4","Brownsville, TX",-97.4974838,25.9017472,"brownsville, tx, usa",NA
20,7.06204627931584e-06,0,0.0152531983330846,1.16432750225067,8.97685813903809,299.340545654297,"201105.nc4","Brownsville, TX",-97.4974838,25.9017472,"brownsville, tx, usa",NA
20,3.32288873323705e-05,0,0.0187433715909719,1.15969347953796,6.03588914871216,300.977203369141,"201606.nc4","Brownsville, TX",-97.4974838,25.9017472,"brownsville, tx, usa",NA
20,2.56205257755937e-05,0,0.0168212335556746,1.15853321552277,7.55500650405884,301.063507080078,"201106.nc4","Brownsville, TX",-97.4974838,25.9017472,"brownsville, tx, usa",NA
20,1.63830318342661e-05,0,0.0183329712599516,1.15558087825775,7.81727170944214,302.212860107422,"201607.nc4","Brownsville, TX",-97.4974838,25.9017472,"brownsville, tx, usa",NA
20,1.14359745566617e-05,0,0.0180417075753212,1.15676820278168,6.79209327697754,301.534240722656,"201107.nc4","Brownsville, TX",-97.4974838,25.9017472,"brownsville, tx, usa",NA
20,2.18482582567958e-05,0,0.0183355305343866,1.15318477153778,6.28629302978516,302.496124267578,"201608.nc4","Brownsville, TX",-97.4974838,25.9017472,"brownsville, tx, usa",NA
20,1.14120812213514e-05,0,0.0182929616421461,1.15143048763275,6.17358827590942,302.534027099609,"201108.nc4","Brownsville, TX",-97.4974838,25.9017472,"brownsville, tx, usa",NA
20,2.72555134870345e-05,0,0.0182129684835672,1.15628039836884,5.62893581390381,302.070251464844,"201609.nc4","Brownsville, TX",-97.4974838,25.9017472,"brownsville, tx, usa",NA
20,9.72773705143481e-06,0,0.016133913770318,1.15740931034088,5.67009925842285,301.831420898438,"201109.nc4","Brownsville, TX",-97.4974838,25.9017472,"brownsville, tx, usa",NA
20,7.17775037628599e-06,0,0.0153910294175148,1.16760718822479,5.40476608276367,300.177642822266,"201610.nc4","Brownsville, TX",-97.4974838,25.9017472,"brownsville, tx, usa",NA
20,4.41673000750598e-06,0,0.0130489096045494,1.17501580715179,6.54152631759644,298.567016601562,"201110.nc4","Brownsville, TX",-97.4974838,25.9017472,"brownsville, tx, usa",NA
20,6.30816648481414e-05,0,0.0136656202375889,1.18583083152771,6.47375440597534,296.396148681641,"201611.nc4","Brownsville, TX",-97.4974838,25.9017472,"brownsville, tx, usa",NA
20,8.81033975019818e-06,0,0.0113698681816459,1.19230818748474,8.45230484008789,295.123474121094,"201111.nc4","Brownsville, TX",-97.4974838,25.9017472,"brownsville, tx, usa",NA
20,3.5131408367306e-05,0,0.0121113723143935,1.20330679416656,7.35594987869263,292.657135009766,"201612.nc4","Brownsville, TX",-97.4974838,25.9017472,"brownsville, tx, usa",NA
