"Urbanized.Area","year","pop","bus","LR","rail","cars","oth","total","share_light","share_rail","share_bus","share_oth","share_cars"
"Asheville, NC",2000,74220,1132.3,0,0,0,26.7,1159,0,0,0.976962899050906,0.023037100949094,0
"Asheville, NC",2001,74725,1195.7,0,0,0,23.6,1219.3,0,0,0.980644632165997,0.0193553678340031,0
"Asheville, NC",2002,75499,1009.2,0,0,0,22.6,1031.8,0,0,0.978096530335336,0.0219034696646637,0
"Asheville, NC",2003,76452,998.3,0,0,0,21.1,1019.4,0,0,0.979301549931332,0.0206984500686678,0
"Asheville, NC",2004,77388,1055.3,0,0,0,22.6,1077.9,0,0,0.979033305501438,0.020966694498562,0
"Asheville, NC",2005,78404,1059.3,0,0,0,24.1,1083.4,0,0,0.977755215063688,0.0222447849363116,0
"Asheville, NC",2006,79932,1149.3,0,0,0,24.2,1173.5,0,0,0.97937792927141,0.0206220707285897,0
"Asheville, NC",2007,81232,1486.5,0,0,0,23.2,1509.7,0,0,0.98463270848513,0.0153672915148705,0
"Asheville, NC",2008,82094,1489.1,0,0,0,25.3,1514.4,0,0,0.983293713681986,0.0167062863180137,0
"Asheville, NC",2009,82847,1622.5,0,0,0,27.9,1650.4,0,0,0.983095007270965,0.0169049927290354,0
"Asheville, NC",2010,83407,1538.6,0,0,0,25,1563.6,0,0,0.984011256075723,0.0159887439242773,0
"Asheville, NC",2010,83569,1538.6,0,0,0,25,1563.6,0,0,0.984011256075723,0.0159887439242773,0
"Asheville, NC",2011,84417,1467.3,0,0,0,26,1493.3,0,0,0.982588897073595,0.0174111029264046,0
"Asheville, NC",2012,85302,1524.3,0,0,0,25.5,1549.8,0,0,0.983546264034069,0.0164537359659311,0
"Austin, TX",2000,675775,37506.3,0,0,244,377.4,38127.7,0,0,0.983702137815814,0.00989831539799149,0.00639954678619481
"Austin, TX",2001,691119,33360.1,0,0,267.8,358.7,33986.6,0,0,0.981566264351244,0.0105541595805406,0.00787957606821512
"Austin, TX",2002,688644,34922.4,0,0,259,386.6,35568,0,0,0.981848852901484,0.0108693207377418,0.00728182636077373
"Austin, TX",2003,690293,36593.3,0,0,240,390.5,37223.8,0,0,0.983061912002536,0.0104906000999361,0.00644748789752793
"Austin, TX",2004,696973,35062.6,0,0,242.4,407.2,35712.2,0,0,0.981810137712042,0.0114022658923281,0.00678759639562951
"Austin, TX",2005,708423,32476.2,0,0,286.3,432.2,33194.7,0,0,0.978354978354978,0.0130201508072072,0.00862487083781447
"Austin, TX",2006,730373,34464.1,0,0,335.3,583,35382.4,0,0,0.974046418558379,0.0164771185674234,0.00947646287419734
"Austin, TX",2007,749641,33040.7,0,0,324.4,674.6,34039.7,0,0,0.970651915263648,0.0198180359991422,0.00953004873720979
"Austin, TX",2008,764945,36339.1,0,0,345.6,714.6,37399.3,0,0,0.971651875837248,0.0191073094950975,0.00924081466765421
"Austin, TX",2009,780172,38417.5,0,0,318.3,702.9,39438.7,0,0,0.974106651588414,0.0178225955723693,0.0080707528392163
"Austin, TX",2010,795526,34814.3,0,120.8,447.9,476.5,35859.5,0,0.00336870285419484,0.970852912059566,0.0132879711094689,0.0124904139767705
"Austin, TX",2010,806214,34814.3,0,120.8,447.9,476.5,35859.5,0,0.00336870285419484,0.970852912059566,0.0132879711094689,0.0124904139767705
"Austin, TX",2011,828569,33487,0,377.7,355,520.6,34740.3,0,0.0108720995500902,0.963923742742578,0.0149854779607545,0.0102186797465767
"Austin, TX",2012,854656,34148,0,527.4,258.6,587.4,35521.4,0,0.0148473877718784,0.961335983379033,0.0165365103852889,0.00728011846379929
"Beaumont, TX",2000,113647,1527.9,0,0,0,23.1,1551,0,0,0.985106382978723,0.0148936170212766,0
"Beaumont, TX",2001,113440,1524,0,0,0,23.5,1547.5,0,0,0.984814216478191,0.0151857835218094,0
"Beaumont, TX",2002,113773,1376.4,0,0,0,20.9,1397.3,0,0,0.985042582122665,0.0149574178773349,0
"Beaumont, TX",2003,114245,778,0,0,0,23.8,801.8,0,0,0.970316787228735,0.0296832127712647,0
"Beaumont, TX",2004,114840,661.7,0,0,0,23,684.7,0,0,0.966408646122389,0.0335913538776106,0
"Beaumont, TX",2005,115338,649.3,0,0,0,22.2,671.5,0,0,0.966939687267312,0.033060312732688,0
"Beaumont, TX",2006,113545,600.2,0,0,0,21.9,622.1,0,0,0.964796656486095,0.0352033435139045,0
"Beaumont, TX",2007,114739,633.7,0,0,0,23.1,656.8,0,0,0.964829476248478,0.0351705237515225,0
"Beaumont, TX",2008,116061,643.8,0,0,0,20.5,664.3,0,0,0.969140448592503,0.0308595514074966,0
"Beaumont, TX",2009,117483,629.8,0,0,0,21.8,651.6,0,0,0.966543891958257,0.0334561080417434,0
"Beaumont, TX",2010,118352,583.1,0,0,0,21.3,604.4,0,0,0.96475843812045,0.03524156187955,0
"Beaumont, TX",2010,117342,583.1,0,0,0,21.3,604.4,0,0,0.96475843812045,0.03524156187955,0
"Beaumont, TX",2011,117870,563.1,0,0,0,22.7,585.8,0,0,0.961249573233185,0.0387504267668146,0
"Beaumont, TX",2012,116993,572.5,0,0,0,24.8,597.3,0,0,0.958479825883141,0.0415201741168592,0
"Beloit, WI-IL",2000,35912,243.8,0,0,0,0.1,243.9,0,0,0.999589995899959,0.000410004100041,0
"Beloit, WI-IL",2001,35997,262.7,0,0,0,0.2,262.9,0,0,0.99923925446938,0.000760745530620008,0
"Beloit, WI-IL",2002,36018,264.9,0,0,0,0.7,265.6,0,0,0.997364457831325,0.0026355421686747,0
"Beloit, WI-IL",2003,36079,284,0,0,0,1.6,285.6,0,0,0.994397759103641,0.00560224089635854,0
"Beloit, WI-IL",2004,36348,287.4,0,0,0,2.3,289.7,0,0,0.992060752502589,0.00793924749741111,0
"Beloit, WI-IL",2005,36518,271.3,0,0,0,2.5,273.8,0,0,0.990869247626004,0.00913075237399562,0
"Beloit, WI-IL",2006,36859,304.1,0,0,0,3.2,307.3,0,0,0.989586723071917,0.0104132769280833,0
"Beloit, WI-IL",2007,37091,299.5,0,0,0,2.7,302.2,0,0,0.991065519523494,0.00893448047650563,0
"Beloit, WI-IL",2008,37167,312.1,0,0,0,2.3,314.4,0,0,0.992684478371501,0.00731552162849873,0
"Beloit, WI-IL",2009,37049,312.8,0,0,0,2.3,315.1,0,0,0.992700729927007,0.0072992700729927,0
"Beloit, WI-IL",2010,36961,269.1,0,0,0,2.9,272,0,0,0.989338235294118,0.0106617647058824,0
"Beloit, WI-IL",2010,36982,269.1,0,0,0,2.9,272,0,0,0.989338235294118,0.0106617647058824,0
"Beloit, WI-IL",2011,36853,241.2,0,0,0,2.9,244.1,0,0,0.988119623105285,0.0118803768947153,0
"Beloit, WI-IL",2012,36811,246.3,0,0,0,3.1,249.4,0,0,0.98757016840417,0.01242983159583,0
"Brownsville, TX",2001,147578,1562.9,0,0,0,49.8,1612.7,0,0,0.969120109133751,0.0308798908662491,0
"Brownsville, TX",2002,150944,1639.3,0,0,0,54.5,1693.8,0,0,0.967823828078876,0.0321761719211241,0
"Brownsville, TX",2003,154512,1520.8,0,0,0,51.4,1572.2,0,0,0.967306958402239,0.0326930415977611,0
"Brownsville, TX",2004,157867,1571.1,0,0,0,50.7,1621.8,0,0,0.968738438771735,0.0312615612282649,0
"Brownsville, TX",2005,160931,1632.5,0,0,0,43.7,1676.2,0,0,0.973929125402696,0.0260708745973034,0
"Brownsville, TX",2006,163827,1829.7,0,0,0,48.2,1877.9,0,0,0.974333031577826,0.0256669684221737,0
"Brownsville, TX",2007,166464,1737.5,0,0,0,55.3,1792.8,0,0,0.969154395359215,0.0308456046407854,0
"Brownsville, TX",2008,169341,1736.3,0,0,0,43.6,1779.9,0,0,0.975504241811338,0.0244957581886623,0
"Brownsville, TX",2009,172479,1610.2,0,0,0,39.3,1649.5,0,0,0.97617459836314,0.0238254016368597,0
"Brownsville, TX",2010,175813,1454.9,0,0,0,36.6,1491.5,0,0,0.975460945357023,0.0245390546429769,0
"Brownsville, TX",2010,175073,1454.9,0,0,0,36.6,1491.5,0,0,0.975460945357023,0.0245390546429769,0
"Brownsville, TX",2011,177841,1647.3,0,0,0,36.7,1684,0,0,0.978206650831354,0.0217933491686461,0
"Brownsville, TX",2012,179320,1803.3,0,0,0,30.6,1833.9,0,0,0.983314248323245,0.0166857516767545,0
"Charleston-North Charleston, SC",2000,182644,4478.9,0,0,0,79.5,4558.4,0,0,0.98255967005967,0.0174403299403299,0
"Charleston-North Charleston, SC",2001,185091,4583.5,0,0,0,77,4660.5,0,0,0.983478167578586,0.016521832421414,0
"Charleston-North Charleston, SC",2002,188747,3375.7,0,0,0,69.7,3445.4,0,0,0.979770128286991,0.0202298717130086,0
"Charleston-North Charleston, SC",2003,191979,3843.7,0,0,0,68,3911.7,0,0,0.982616253802694,0.0173837461973055,0
"Charleston-North Charleston, SC",2004,197031,1417.7,0,0,0,51.9,1469.6,0,0,0.96468426782798,0.0353157321720196,0
"Charleston-North Charleston, SC",2005,200314,1038.3,0,0,0,52.6,1090.9,0,0,0.951782931524429,0.0482170684755706,0
"Charleston-North Charleston, SC",2006,203636,2698.8,0,0,0,64.9,2763.7,0,0,0.976516988095669,0.0234830119043312,0
"Charleston-North Charleston, SC",2007,206731,2959.3,0,0,0,63.9,3023.2,0,0,0.978863455940725,0.0211365440592749,0
"Charleston-North Charleston, SC",2008,210860,3553.1,0,0,0,69.6,3622.7,0,0,0.980787810196815,0.0192121898031855,0
"Charleston-North Charleston, SC",2009,214700,3990.4,0,0,0,73.5,4063.9,0,0,0.981913925047368,0.0180860749526317,0
"Charleston-North Charleston, SC",2010,218727,4203.7,0,0,0,77.3,4281,0,0,0.9819434711516,0.0180565288483999,0
"Charleston-North Charleston, SC",2010,218406,4203.7,0,0,0,77.3,4281,0,0,0.9819434711516,0.0180565288483999,0
"Charleston-North Charleston, SC",2011,223035,4300.7,0,0,0,69.3,4370,0,0,0.984141876430206,0.0158581235697941,0
"Charleston-North Charleston, SC",2012,227474,4832.1,0,0,0,72.3,4904.4,0,0,0.98525813555175,0.0147418644482506,0
"Charlotte, NC",2000,577676,12941.2,0,0,270.8,192.4,13404.4,0,0,0.965444182507237,0.0143534958670287,0.0202023216257348
"Charlotte, NC",2001,591176,14900.9,0,0,366.7,192.8,15460.4,0,0,0.963810768156063,0.0124705699723164,0.0237186618716204
"Charlotte, NC",2002,601869,16028.3,0,0,363.9,195,16587.2,0,0,0.966305343879618,0.0117560528600367,0.0219386032603453
"Charlotte, NC",2003,613674,18389.8,0,0,301.2,197.5,18888.5,0,0,0.973597691717182,0.0104560976255393,0.0159462106572782
"Charlotte, NC",2004,626629,18423.5,0,0,245.9,206.2,18875.6,0,0,0.976048443493187,0.0109241560533175,0.0130274004534955
"Charlotte, NC",2005,645100,16982.4,330,0,241.3,287.8,17841.5,0.018496202673542,0,0.951848219039879,0.0161309306952891,0.01352464759129
"Charlotte, NC",2006,669217,20407.2,175.3,0,293.9,300.4,21176.8,0.00827792678780552,0,0.963658343092441,0.0141853348947905,0.0138783952249632
"Charlotte, NC",2007,691568,19851.1,0,0,251.2,296,20398.3,0,0,0.973174235107828,0.0145110131726663,0.012314751719506
"Charlotte, NC",2008,709993,19896.8,2262.6,0,300.8,260.7,22720.9,0.0995823228833365,0,0.87570474761123,0.011474017314455,0.0132389121909783
"Charlotte, NC",2009,724333,21539.5,3551.2,0,320.5,239.2,25650.4,0.138446184075102,0,0.8397334934348,0.00932539063718305,0.0124949318529146
"Charlotte, NC",2010,734443,20361,3250,0,271.6,234,24116.6,0.134761948201654,0,0.844273239179652,0.00970286027051906,0.0112619523481751
"Charlotte, NC",2010,738446,20361,3250,0,271.6,234,24116.6,0.134761948201654,0,0.844273239179652,0.00970286027051906,0.0112619523481751
"Charlotte, NC",2011,754943,21768,4769.9,0,261.5,229.1,27028.5,0.17647668202083,0,0.805372107220157,0.00847623804502655,0.00967497271398709
"Charlotte, NC",2012,773506,22878.1,4889.5,0,255.8,320.3,28343.7,0.172507470795979,0,0.807167024770937,0.0113005712027717,0.0090249332303122
"College Station-Bryan, TX",2000,134810,261.6,0,0,0,25.1,286.7,0,0,0.912452040460412,0.0875479595395884,0
"College Station-Bryan, TX",2001,136793,252,0,0,0,18.9,270.9,0,0,0.930232558139535,0.0697674418604651,0
"College Station-Bryan, TX",2002,140018,265.1,0,0,0,20.1,285.2,0,0,0.929523141654979,0.070476858345021,0
"College Station-Bryan, TX",2003,143324,551.8,0,0,0,17.6,569.4,0,0,0.969090270460133,0.0309097295398665,0
"College Station-Bryan, TX",2004,145687,562.4,0,0,0,16.8,579.2,0,0,0.970994475138121,0.0290055248618785,0
"College Station-Bryan, TX",2005,148811,600.9,0,0,0,14.2,615.1,0,0,0.976914322874329,0.0230856771256706,0
"College Station-Bryan, TX",2006,153588,694.9,0,0,0,18.4,713.3,0,0,0.974204402074863,0.0257955979251367,0
"College Station-Bryan, TX",2007,157015,739.4,0,0,0,17.8,757.2,0,0,0.976492340200739,0.0235076597992604,0
"College Station-Bryan, TX",2008,161792,1331.6,0,0,0,86.5,1418.1,0,0,0.939002891192441,0.0609971088075594,0
"College Station-Bryan, TX",2009,167164,1290.7,0,0,0,90.6,1381.3,0,0,0.934409614131615,0.0655903858683849,0
"College Station-Bryan, TX",2010,170785,1266.1,0,0,0,96,1362.1,0,0,0.929520593201674,0.0704794067983261,0
"College Station-Bryan, TX",2010,171218,1266.1,0,0,0,96,1362.1,0,0,0.929520593201674,0.0704794067983261,0
"College Station-Bryan, TX",2011,172931,1292.3,0,0,0,83.7,1376,0,0,0.939171511627907,0.060828488372093,0
"College Station-Bryan, TX",2012,175671,1418.2,0,0,0,73,1491.2,0,0,0.951046137339056,0.0489538626609442,0
"Columbia, SC",2003,121512,1835,0,0,0,78.5,1913.5,0,0,0.958975698980925,0.041024301019075,0
"Columbia, SC",2004,125737,2485.9,0,0,0,69.8,2555.7,0,0,0.972688500215205,0.0273114997847948,0
"Columbia, SC",2005,123680,2659.4,0,0,0,80.4,2739.8,0,0,0.970654792320607,0.0293452076793927,0
"Columbia, SC",2006,124737,2456.7,0,0,0,92.1,2548.8,0,0,0.963865348399247,0.0361346516007533,0
"Columbia, SC",2007,127030,2188.5,0,0,0,85.6,2274.1,0,0,0.962358735323864,0.0376412646761356,0
"Columbia, SC",2008,128388,2185.4,0,0,0,83.3,2268.7,0,0,0.963282937365011,0.0367170626349892,0
"Columbia, SC",2009,128708,2019.9,0,0,0,78.2,2098.1,0,0,0.962728182641438,0.0372718173585625,0
"Columbia, SC",2010,129622,1886,0,0,0,73.3,1959.3,0,0,0.96258867963048,0.0374113203695197,0
"Columbia, SC",2010,130909,1886,0,0,0,73.3,1959.3,0,0,0.96258867963048,0.0374113203695197,0
"Columbia, SC",2011,131463,1781.8,0,0,0,72.1,1853.9,0,0,0.961109013431145,0.0388909865688548,0
"Columbia, SC",2012,131949,1568.8,0,0,0,57.2,1626,0,0,0.964821648216482,0.0351783517835178,0
"Concord, NC",2011,80684,384.3,0,0,0,0,384.3,0,0,1,0,0
"Concord, NC",2012,82096,449.9,0,0,0,153,602.9,0,0,0.746226571570741,0.253773428429259,0
"Corpus Christi, TX",2000,277804,5579.3,0,0,7.5,211.9,5798.7,0,0,0.962163933295394,0.0365426733578216,0.00129339334678462
"Corpus Christi, TX",2001,278200,5626.6,0,0,11.1,209.1,5846.8,0,0,0.962338373127181,0.0357631524936717,0.00189847437914757
"Corpus Christi, TX",2002,280886,5466.7,0,0,0,216.6,5683.3,0,0,0.961888339521053,0.0381116604789471,0
"Corpus Christi, TX",2003,282500,5190.7,0,0,0,206.5,5397.2,0,0,0.961739420440228,0.0382605795597717,0
"Corpus Christi, TX",2004,286677,5368.9,0,0,0,202,5570.9,0,0,0.963740149706511,0.0362598502934894,0
"Corpus Christi, TX",2005,290296,5664.1,0,0,0,216.4,5880.5,0,0,0.963200408128561,0.0367995918714395,0
"Corpus Christi, TX",2006,293888,5315.6,0,0,7.1,214.3,5537,0,0,0.960014448257179,0.0387032689181867,0.00128228282463428
"Corpus Christi, TX",2007,295497,4976,0,0,9.2,190.8,5176,0,0,0.961360123647604,0.0368624420401855,0.0017774343122102
"Corpus Christi, TX",2008,298567,5251.5,0,0,21.2,218.7,5491.4,0,0,0.956313508394945,0.0398259096041082,0.00386058200094694
"Corpus Christi, TX",2009,303142,5064.7,0,0,10.2,208.3,5283.2,0,0,0.958642489400363,0.0394268625075712,0.00193064809206541
"Corpus Christi, TX",2010,305254,5238.1,0,0,5.4,190.8,5434.3,0,0,0.963895993964264,0.0351103177962203,0.000993688239515669
"Corpus Christi, TX",2010,305445,5238.1,0,0,5.4,190.8,5434.3,0,0,0.963895993964264,0.0351103177962203,0.000993688239515669
"Corpus Christi, TX",2011,308090,5749.3,0,0,0,252.3,6001.6,0,0,0.957961210343908,0.0420387896560917,0
"Corpus Christi, TX",2012,312388,5764.8,0,0,0,289.7,6054.5,0,0,0.95215129242712,0.0478487075728797,0
"Denton-Lewisville, TX",2006,193376,1478.7,0,0,0,41.7,1520.4,0,0,0.972573007103394,0.0274269928966062,0
"Denton-Lewisville, TX",2007,198792,1743.6,0,0,0,36.8,1780.4,0,0,0.979330487530892,0.0206695124691081,0
"Denton-Lewisville, TX",2008,202878,1914.9,0,0,0,42.9,1957.8,0,0,0.97808764940239,0.0219123505976096,0
"Denton-Lewisville, TX",2009,206468,2060.1,0,0,0,45.8,2105.9,0,0,0.978251578897383,0.0217484211026165,0
"Denton-Lewisville, TX",2010,210027,2289,0,0,0,44.7,2333.7,0,0,0.980845867078031,0.0191541329219694,0
"Denton-Lewisville, TX",2010,212960,2289,0,0,0,44.7,2333.7,0,0,0.980845867078031,0.0191541329219694,0
"Denton-Lewisville, TX",2011,217774,2393,0,121.1,0,76.2,2590.3,0,0.0467513415434506,0.923831216461414,0.0294174419951357,0
"Denton-Lewisville, TX",2012,223329,2557,0,387.1,5.8,105.1,3055,0,0.12671031096563,0.836988543371522,0.0344026186579378,0.00189852700490998
"Duluth, MN-WI",2000,86398,3016.3,0,0,0,30,3046.3,0,0,0.990151987657158,0.00984801234284214,0
"Duluth, MN-WI",2001,86974,3148.9,0,0,0,27.4,3176.3,0,0,0.991373610805025,0.00862638919497528,0
"Duluth, MN-WI",2002,86607,3048.3,0,0,0,26.9,3075.2,0,0,0.991252601456816,0.00874739854318418,0
"Duluth, MN-WI",2003,86517,2772,0,0,0,27,2799,0,0,0.990353697749196,0.00964630225080386,0
"Duluth, MN-WI",2004,86143,2647.1,0,0,0,26.7,2673.8,0,0,0.990014211982945,0.00998578801705438,0
"Duluth, MN-WI",2005,85734,2709.2,0,0,0,25.3,2734.5,0,0,0.990747851526787,0.00925214847321265,0
"Duluth, MN-WI",2006,85721,2692.9,0,0,0,23.7,2716.6,0,0,0.991275859530295,0.00872414046970478,0
"Duluth, MN-WI",2007,85881,2854.5,0,0,0,24,2878.5,0,0,0.99166232412715,0.00833767587285044,0
"Duluth, MN-WI",2008,86164,3219.8,0,0,0,24.5,3244.3,0,0,0.992448293930894,0.00755170606910582,0
"Duluth, MN-WI",2009,86312,3173.5,0,0,0,25.2,3198.7,0,0,0.992121799481039,0.00787820051896083,0
"Duluth, MN-WI",2010,86193,3171.1,0,0,0,25.6,3196.7,0,0,0.991991741483405,0.00800825851659524,0
"Duluth, MN-WI",2010,86235,3171.1,0,0,0,25.6,3196.7,0,0,0.991991741483405,0.00800825851659524,0
"Duluth, MN-WI",2011,86253,3264.5,0,0,0,25.3,3289.8,0,0,0.992309562891361,0.00769043710863882,0
"Duluth, MN-WI",2012,86182,3261.5,0,0,0,26.7,3288.2,0,0,0.991880055957667,0.00811994404233319,0
"Durham, NC",2000,189046,7093.4,0,0,255.5,137.5,7486.4,0,0,0.947504808719812,0.0183666381705493,0.0341285531096388
"Durham, NC",2001,193135,7506.1,0,0,279,196.8,7981.9,0,0,0.940390132675178,0.0246557837106453,0.0349540836141771
"Durham, NC",2002,197268,9131.5,0,0,313.8,139.7,9585,0,0,0.952686489306208,0.0145748565466875,0.0327386541471049
"Durham, NC",2003,199310,9551.2,0,0,304.2,147.3,10002.7,0,0,0.954862187209453,0.0147260239735271,0.0304117888170194
"Durham, NC",2004,201963,9835.8,0,0,320.8,153,10309.6,0,0,0.954042833863583,0.0148405369752464,0.0311166291611702
"Durham, NC",2005,205167,10935,0,0,375.5,159.4,11469.9,0,0,0.953364894201344,0.0138972440910557,0.0327378617075999
"Durham, NC",2006,209826,11125.8,0,0,415.9,169.7,11711.4,0,0,0.94999743839336,0.0144901548918148,0.0355124067148249
"Durham, NC",2007,215097,11427.3,0,0,380.5,170.1,11977.9,0,0,0.954032008949816,0.0142011537915661,0.031766837258618
"Durham, NC",2008,220897,12140.4,0,0,469.9,229.5,12839.8,0,0,0.945528746553685,0.0178741101886322,0.0365971432576831
"Durham, NC",2009,226231,14178.6,0,0,533.1,236,14947.7,0,0,0.948547268141587,0.0157883821591282,0.0356643496992848
"Durham, NC",2010,229065,13490.4,0,0,418.2,238.3,14146.9,0,0,0.9535940736133,0.0168446797531615,0.0295612466335381
"Durham, NC",2010,231586,13490.4,0,0,418.2,238.3,14146.9,0,0,0.9535940736133,0.0168446797531615,0.0295612466335381
"Durham, NC",2011,236237,14070.2,0,0,366.6,271,14707.8,0,0,0.95664885298957,0.0184255973021118,0.024925549708318
"Durham, NC",2012,242062,14774.2,0,0,351,279.9,15405.1,0,0,0.959046030210774,0.0181693075669746,0.0227846622222511
"El Paso, TX-NM",2000,568224,13574.4,0,0,0,270.6,13845,0,0,0.980455037919827,0.0195449620801733,0
"El Paso, TX-NM",2001,572521,13260.4,0,0,0,275.6,13536,0,0,0.979639479905437,0.0203605200945626,0
"El Paso, TX-NM",2002,576719,13341.2,0,0,0,225.9,13567.1,0,0,0.983349426185404,0.0166505738145956,0
"El Paso, TX-NM",2003,582199,10875.9,0,0,0,260,11135.9,0,0,0.976652089189019,0.0233479108109807,0
"El Paso, TX-NM",2004,590713,10376.9,0,0,0,290.5,10667.4,0,0,0.972767497234565,0.0272325027654349,0
"El Paso, TX-NM",2005,597634,12345.4,0,0,0,259.8,12605.2,0,0,0.979389458318789,0.0206105416812109,0
"El Paso, TX-NM",2006,609650,12133.2,0,0,0,286.3,12419.5,0,0,0.976947542171585,0.023052457828415,0
"El Paso, TX-NM",2007,616846,11684.8,0,0,0,314.9,11999.7,0,0,0.973757677275265,0.0262423227247348,0
"El Paso, TX-NM",2008,626920,12912.6,0,0,0,267.4,13180,0,0,0.979711684370258,0.020288315629742,0
"El Paso, TX-NM",2009,639017,12179.8,0,0,0,244.2,12424,0,0,0.980344494526722,0.0196555054732775,0
"El Paso, TX-NM",2010,652129,14733.2,0,0,17.7,224.2,14975.1,0,0,0.983846518554133,0.0149715193888522,0.00118196205701464
"El Paso, TX-NM",2010,650482,14733.2,0,0,17.7,224.2,14975.1,0,0,0.983846518554133,0.0149715193888522,0.00118196205701464
"El Paso, TX-NM",2011,664141,16015,0,0,9.1,218.2,16242.3,0,0,0.986005676535959,0.0134340579843988,0.000560265479642661
"El Paso, TX-NM",2012,674588,16390.6,0,0,172.2,238.1,16800.9,0,0,0.975578689236886,0.0141718598408419,0.010249450922272
"Fayetteville, NC",2000,203383,1253.3,0,0,0,71.7,1325,0,0,0.94588679245283,0.0541132075471698,0
"Fayetteville, NC",2001,202597,1000.4,0,0,0,62.1,1062.5,0,0,0.941552941176471,0.0584470588235294,0
"Fayetteville, NC",2002,202271,1130.3,0,0,0,62.8,1193.1,0,0,0.947364009722572,0.0526359902774285,0
"Fayetteville, NC",2003,199785,1261.1,0,0,0,52.5,1313.6,0,0,0.960033495736906,0.0399665042630938,0
"Fayetteville, NC",2004,201029,1323.9,0,0,0,40.5,1364.4,0,0,0.970316622691293,0.0296833773087071,0
"Fayetteville, NC",2005,196391,1340.1,0,0,0,41.7,1381.8,0,0,0.969821971341728,0.0301780286582718,0
"Fayetteville, NC",2006,197609,1407.5,0,0,0,53,1460.5,0,0,0.963711057856898,0.0362889421431017,0
"Fayetteville, NC",2007,197394,1132.4,0,0,0,48.3,1180.7,0,0,0.959092064029813,0.0409079359701872,0
"Fayetteville, NC",2008,198060,890.3,0,0,0,38.3,928.6,0,0,0.958755115227224,0.0412448847727762,0
"Fayetteville, NC",2009,200121,992.9,0,0,0,42.5,1035.4,0,0,0.958953061618698,0.0410469383813019,0
"Fayetteville, NC",2010,208354,1223.2,0,0,0,42.4,1265.6,0,0,0.966498103666245,0.0335018963337547,0
"Fayetteville, NC",2010,201082,1223.2,0,0,0,42.4,1265.6,0,0,0.966498103666245,0.0335018963337547,0
"Fayetteville, NC",2011,208808,1357.4,0,0,0,44.5,1401.9,0,0,0.968257365004637,0.0317426349953634,0
"Fayetteville, NC",2012,208974,1646.2,0,0,0,101.2,1747.4,0,0,0.942085383999084,0.0579146160009157,0
"Flagstaff, AZ",2008,63949,992.9,0,0,0,22.6,1015.5,0,0,0.977744953225012,0.0222550467749877,0
"Flagstaff, AZ",2009,65120,1142.9,0,0,0,82.7,1225.6,0,0,0.932522845953003,0.0674771540469974,0
"Flagstaff, AZ",2010,66102,1115.3,0,0,0,27.3,1142.6,0,0,0.976107124102923,0.0238928758970768,0
"Flagstaff, AZ",2010,65976,1115.3,0,0,0,27.3,1142.6,0,0,0.976107124102923,0.0238928758970768,0
"Flagstaff, AZ",2011,66094,1205.8,0,0,0,27.4,1233.2,0,0,0.977781381771002,0.0222186182289977,0
"Flagstaff, AZ",2012,67949,1745.7,0,0,0,25,1770.7,0,0,0.985881289885356,0.0141187101146439,0
"Greenville, SC",2000,56391,578.5,0,0,0,2.1,580.6,0,0,0.996383052015157,0.00361694798484327,0
"Greenville, SC",2001,56334,713.7,0,0,0,13,726.7,0,0,0.98211091234347,0.0178890876565295,0
"Greenville, SC",2002,56189,739.5,0,0,0,14,753.5,0,0,0.9814200398142,0.0185799601857996,0
"Greenville, SC",2003,56024,744.7,0,0,0,11.4,756.1,0,0,0.984922629281841,0.015077370718159,0
"Greenville, SC",2004,55937,747.5,0,0,0,7.3,754.8,0,0,0.990328563857976,0.00967143614202438,0
"Greenville, SC",2005,56024,734.9,0,0,0,6.3,741.2,0,0,0.991500269832704,0.00849973016729628,0
"Greenville, SC",2006,56648,896.3,0,0,0,8,904.3,0,0,0.99115337830366,0.00884662169633971,0
"Greenville, SC",2007,57465,832.2,0,0,0,8.1,840.3,0,0,0.990360585505177,0.00963941449482328,0
"Greenville, SC",2008,58108,751.7,0,0,0,7.8,759.5,0,0,0.98973008558262,0.0102699144173799,0
"Greenville, SC",2009,58353,742.1,0,0,0,7.7,749.8,0,0,0.989730594825287,0.0102694051747133,0
"Greenville, SC",2010,59461,696,0,0,0,6.5,702.5,0,0,0.990747330960854,0.00925266903914591,0
"Greenville, SC",2010,58607,696,0,0,0,6.5,702.5,0,0,0.990747330960854,0.00925266903914591,0
"Greenville, SC",2011,59864,497.3,0,0,0,9.4,506.7,0,0,0.981448588908625,0.0185514110913756,0
"Greenville, SC",2012,60235,2305.6,0,0,0,9.5,2315.1,0,0,0.995896505550516,0.00410349444948382,0
"Houston, TX",2000,1974324,86736,0,0,0,643.1,87379.1,0,0,0.992640116458055,0.00735988354194538,0
"Houston, TX",2001,1979589,87602.2,0,0,0,643.9,88246.1,0,0,0.992703360261813,0.00729663973818673,0
"Houston, TX",2002,1990408,81359.6,0,0,0,727.8,82087.4,0,0,0.991133840272685,0.00886615972731503,0
"Houston, TX",2003,1992464,76611.5,0,0,0,793.8,77405.3,0,0,0.989744888269925,0.0102551117300753,0
"Houston, TX",2004,1991817,87940.5,5349.7,0,1088.8,1502.6,95881.6,0.0557948553215633,0,0.917178061275573,0.0156714114074025,0.0113556719954611
"Houston, TX",2005,1995773,81546.9,10233.6,0,1269.9,1504.6,94555,0.108229073026281,0,0.862428216382,0.0159124319179314,0.0134302786737877
"Houston, TX",2006,2038721,88031.8,11333.1,0,1626.2,1486.5,102477.6,0.110590997447247,0,0.859034559747691,0.0145056090306565,0.0158688337744053
"Houston, TX",2007,2044612,85834,11709,0,1972.4,1471.3,100986.7,0.115945961200831,0,0.849953508729367,0.0145692452570487,0.0195312848127526
"Houston, TX",2008,2060477,84709.3,11800.9,0,2462.9,1469.5,100442.6,0.117488993713823,0,0.843360287368109,0.0146302465288632,0.0245204723892054
"Houston, TX",2009,2087334,72937.9,11613.7,0,2619.1,1563,88733.7,0.130882629711147,0,0.821986460611921,0.0176145027199362,0.029516406956996
"Houston, TX",2010,2108946,66663.1,10616.3,0,2687.4,1455.4,81422.2,0.130385816153334,0,0.81873371144479,0.0178747319527107,0.033005740449165
"Houston, TX",2010,2097647,66663.1,10616.3,0,2687.4,1455.4,81422.2,0.130385816153334,0,0.81873371144479,0.0178747319527107,0.033005740449165
"Houston, TX",2011,2123298,66593.8,10618.1,0,2670.2,1573.2,81455.3,0.130354930863922,0,0.817550239210954,0.0193136603756907,0.0327811695494339
"Houston, TX",2012,2158700,65807.8,11276.8,0,2692,1603.9,81380.5,0.138568821769343,0,0.80864334822224,0.0197086525641892,0.033079177444228
"Janesville, WI",2000,60422,477.9,0,0,0,3.9,481.8,0,0,0.991905354919054,0.00809464508094645,0
"Janesville, WI",2001,60707,487.2,0,0,0,4.2,491.4,0,0,0.991452991452991,0.00854700854700855,0
"Janesville, WI",2002,60890,469.5,0,0,0,4.2,473.7,0,0,0.991133628879037,0.00886637112096264,0
"Janesville, WI",2003,61146,477,0,0,0,3.6,480.6,0,0,0.99250936329588,0.00749063670411985,0
"Janesville, WI",2004,61713,508.9,0,0,0,3.3,512.2,0,0,0.993557204217103,0.0064427957828973,0
"Janesville, WI",2005,62143,513.6,0,0,0,4,517.6,0,0,0.992272024729521,0.00772797527047913,0
"Janesville, WI",2006,62850,531.8,0,0,0,5,536.8,0,0,0.990685543964232,0.00931445603576751,0
"Janesville, WI",2007,63398,491.8,0,0,0,5.1,496.9,0,0,0.989736365465889,0.0102636345341115,0
"Janesville, WI",2008,63696,498.5,0,0,0,5.8,504.3,0,0,0.988498909379338,0.0115010906206623,0
"Janesville, WI",2009,63603,442.6,0,0,0,8,450.6,0,0,0.982245894363071,0.0177541056369285,0
"Janesville, WI",2010,63632,422.9,0,0,0,7.3,430.2,0,0,0.983031148303115,0.0169688516968852,0
"Janesville, WI",2010,63567,422.9,0,0,0,7.3,430.2,0,0,0.983031148303115,0.0169688516968852,0
"Janesville, WI",2011,63464,453.1,0,0,0,6.4,459.5,0,0,0.986071817192601,0.0139281828073993,0
"Janesville, WI",2012,63537,488.3,0,0,0,5.6,493.9,0,0,0.988661672403321,0.0113383275966795,0
"Lake Havasu City, AZ",2012,52832,93.2,0,0,0,13,106.2,0,0,0.87758945386064,0.12241054613936,0
"Laredo, TX",2000,180952,4777.7,0,0,0,48.1,4825.8,0,0,0.990032740685482,0.0099672593145178,0
"Laredo, TX",2001,186653,4897.4,0,0,0,50.2,4947.6,0,0,0.989853666424125,0.0101463335758752,0
"Laredo, TX",2002,192250,4596.2,0,0,0,52.5,4648.7,0,0,0.988706520102394,0.0112934798976058,0
"Laredo, TX",2003,197969,4964.5,0,0,0,48.3,5012.8,0,0,0.990364666453878,0.00963533354612193,0
"Laredo, TX",2004,203956,3661.9,0,0,0,52,3713.9,0,0,0.985998546002854,0.0140014539971459,0
"Laredo, TX",2005,209737,3898.1,0,0,0,52.2,3950.3,0,0,0.986785813735666,0.0132141862643344,0
"Laredo, TX",2006,215296,4176.1,0,0,0,54.3,4230.4,0,0,0.987164334341906,0.0128356656580938,0
"Laredo, TX",2007,220543,4324.4,0,0,0,51.5,4375.9,0,0,0.988230992481547,0.0117690075184533,0
"Laredo, TX",2008,226184,4358.5,0,0,0,50.2,4408.7,0,0,0.988613423458162,0.0113865765418377,0
"Laredo, TX",2009,231747,3987.8,0,0,0,48.4,4036.2,0,0,0.988008522868044,0.0119914771319558,0
"Laredo, TX",2010,237342,3365.7,0,0,0,52.4,3418.1,0,0,0.984669845820778,0.0153301541792224,0
"Laredo, TX",2010,236801,3365.7,0,0,0,52.4,3418.1,0,0,0.984669845820778,0.0153301541792224,0
"Laredo, TX",2011,241138,3149.6,0,0,0,56,3205.6,0,0,0.982530571499875,0.0174694285001248,0
"Laredo, TX",2012,245620,3183.6,0,0,0,52.4,3236,0,0,0.98380716934487,0.0161928306551298,0
"Lubbock, TX",2000,200378,3784.1,0,0,0,66.9,3851,0,0,0.982627888860036,0.0173721111399636,0
"Lubbock, TX",2001,203266,3732.8,0,0,0,72.9,3805.7,0,0,0.98084452268965,0.0191554773103503,0
"Lubbock, TX",2002,205535,3935.2,0,0,0,75.1,4010.3,0,0,0.981273221454754,0.018726778545246,0
"Lubbock, TX",2003,208790,5265.6,0,0,0,71,5336.6,0,0,0.98669564891504,0.0133043510849605,0
"Lubbock, TX",2004,210643,5767.1,0,0,0,73.3,5840.4,0,0,0.987449489760975,0.0125505102390247,0
"Lubbock, TX",2005,212332,3709.4,0,0,0,73.4,3782.8,0,0,0.980596383631173,0.0194036163688273,0
"Lubbock, TX",2006,215585,3349.1,0,0,0,82.4,3431.5,0,0,0.975987177619117,0.024012822380883,0
"Lubbock, TX",2007,218440,2970.4,0,0,0,92.9,3063.3,0,0,0.969673228217935,0.0303267717820651,0
"Lubbock, TX",2008,220863,2977.8,0,0,0,80.5,3058.3,0,0,0.973678187228199,0.0263218127718013,0
"Lubbock, TX",2009,225833,2674.2,0,0,0,107.6,2781.8,0,0,0.961320008627507,0.0386799913724926,0
"Lubbock, TX",2010,231108,3349.9,0,0,0,106.6,3456.5,0,0,0.969159554462607,0.0308404455373933,0
"Lubbock, TX",2010,230726,3349.9,0,0,0,106.6,3456.5,0,0,0.969159554462607,0.0308404455373933,0
"Lubbock, TX",2011,233965,3737.4,0,0,0,97.6,3835,0,0,0.974550195567145,0.0254498044328553,0
"Lubbock, TX",2012,236426,3556.7,0,0,0,99,3655.7,0,0,0.972919003200481,0.0270809967995186,0
"Madison, WI",2000,209658,10065.5,0,0,0,250.4,10315.9,0,0,0.975726790682345,0.0242732093176553,0
"Madison, WI",2001,212207,10210.8,0,0,0,240,10450.8,0,0,0.977035250889884,0.022964749110116,0
"Madison, WI",2002,214924,10895.1,0,0,0,249.3,11144.4,0,0,0.977630020458706,0.0223699795412943,0
"Madison, WI",2003,217202,10934.1,0,0,0,249.8,11183.9,0,0,0.977664321032913,0.0223356789670866,0
"Madison, WI",2004,219466,10962.3,0,0,0,256.5,11218.8,0,0,0.977136592148893,0.0228634078511071,0
"Madison, WI",2005,221693,11475.6,0,0,0,282.2,11757.8,0,0,0.975998911360969,0.0240010886390311,0
"Madison, WI",2006,224038,12034.5,0,0,0,272.2,12306.7,0,0,0.977881966733568,0.0221180332664321,0
"Madison, WI",2007,226824,12672.3,0,0,0,280.6,12952.9,0,0,0.978336897528739,0.0216631024712613,0
"Madison, WI",2008,229232,13433.1,0,0,0,286.1,13719.2,0,0,0.97914601434486,0.0208539856551402,0
"Madison, WI",2009,232137,13588.4,0,0,0,289.4,13877.8,0,0,0.979146550606004,0.0208534493939962,0
"Madison, WI",2010,233788,13623.5,0,0,0,271.3,13894.8,0,0,0.98047470996344,0.0195252900365604,0
"Madison, WI",2010,233977,13623.5,0,0,0,271.3,13894.8,0,0,0.98047470996344,0.0195252900365604,0
"Madison, WI",2011,237198,14924,0,0,0,268.9,15192.9,0,0,0.982300943203733,0.0176990567962667,0
"Madison, WI",2012,240205,14592.2,0,0,0,259.9,14852.1,0,0,0.982500791133914,0.0174992088660863,0
"Minneapolis-St. Paul, MN",2000,670218,77726.7,0,0,0,1725.4,79452.1,0,0,0.978283770976475,0.0217162290235249,0
"Minneapolis-St. Paul, MN",2001,671436,76750.5,0,0,0,1726.2,78476.7,0,0,0.978003662233504,0.0219963377664963,0
"Minneapolis-St. Paul, MN",2002,668064,73243.2,0,0,0,1861.2,75104.4,0,0,0.975218495853772,0.0247815041462285,0
"Minneapolis-St. Paul, MN",2003,664077,71327,0,0,103.1,1913.5,73343.6,0,0,0.972504758424729,0.026089529284082,0.00140571229118832
"Minneapolis-St. Paul, MN",2004,659881,62392.2,2938.8,0,129.2,1938.5,67398.7,0.0436032148988037,0,0.925718151833789,0.0287616823469889,0.00191695092041835
"Minneapolis-St. Paul, MN",2005,656037,71103.2,7901.7,0,131.2,1885.6,81021.7,0.0975257245898321,0,0.877582178601535,0.0232727775398443,0.00161931926878848
"Minneapolis-St. Paul, MN",2006,655353,74295.6,8957.9,0,157.5,1752.3,85163.3,0.105184979915057,0,0.872389867466385,0.0205757644431345,0.00184938817542298
"Minneapolis-St. Paul, MN",2007,657739,77686.6,9101,0,176.3,1901.9,88865.8,0.102412851738239,0,0.874201323793855,0.0214019341523961,0.00198389031550945
"Minneapolis-St. Paul, MN",2008,661132,82410.3,10221.7,0,209.8,1957.5,94799.3,0.107824635835919,0,0.869313381005978,0.0206488866478972,0.0022130965102063
"Minneapolis-St. Paul, MN",2009,665605,77581.4,9863,78.8,193.5,1906.9,89623.6,0.110049138842894,0.000879232702100786,0.865635836989364,0.0212767619243146,0.00215902954132617
"Minneapolis-St. Paul, MN",2010,668582,78435.5,10455.9,710.4,182.5,1917.6,91701.9,0.114020538287647,0.00774684057800329,0.855331241773617,0.020911235208867,0.00199014415186599
"Minneapolis-St. Paul, MN",2010,668737,78435.5,10455.9,710.4,182.5,1917.6,91701.9,0.114020538287647,0.00774684057800329,0.855331241773617,0.020911235208867,0.00199014415186599
"Minneapolis-St. Paul, MN",2011,676990,80638,10400.9,703.4,189.8,1983.1,93915.2,0.110747780976881,0.00748973542089033,0.858625653781284,0.0211158577099341,0.00202097211101078
"Minneapolis-St. Paul, MN",2012,684170,80427.2,10498.2,700.3,179,2059.6,93864.3,0.111844439259655,0.00746077049527882,0.856845467339553,0.0219423145967104,0.00190700830880324
"Myrtle Beach-Socastee, SC-NC",2000,23741,698.7,0,0,0,65.6,764.3,0,0,0.914169828601335,0.0858301713986654,0
"Myrtle Beach-Socastee, SC-NC",2001,23693,715.2,0,0,0,108,823.2,0,0,0.868804664723032,0.131195335276968,0
"Myrtle Beach-Socastee, SC-NC",2002,23733,701.7,0,0,0,105.7,807.4,0,0,0.869085954917018,0.130914045082982,0
"Myrtle Beach-Socastee, SC-NC",2003,23851,392,0,0,0,60.8,452.8,0,0,0.865724381625442,0.134275618374558,0
"Myrtle Beach-Socastee, SC-NC",2004,24219,582.4,0,0,0,63,645.4,0,0,0.902386117136659,0.0976138828633406,0
"Myrtle Beach-Socastee, SC-NC",2005,24962,627.3,0,0,0,74.3,701.6,0,0,0.894099201824401,0.105900798175599,0
"Myrtle Beach-Socastee, SC-NC",2006,25850,487.8,0,0,0,12.3,500.1,0,0,0.975404919016197,0.0245950809838032,0
"Myrtle Beach-Socastee, SC-NC",2007,26507,355.2,0,0,0,13.2,368.4,0,0,0.964169381107492,0.0358306188925081,0
"Myrtle Beach-Socastee, SC-NC",2008,26932,367.1,0,0,0,15.1,382.2,0,0,0.960491889063318,0.0395081109366824,0
"Myrtle Beach-Socastee, SC-NC",2009,27038,384.6,0,0,0,13.9,398.5,0,0,0.965119196988708,0.0348808030112923,0
"Myrtle Beach-Socastee, SC-NC",2010,27224,527,0,0,0,50,577,0,0,0.913344887348354,0.0866551126516465,0
"Myrtle Beach-Socastee, SC-NC",2010,27034,527,0,0,0,50,577,0,0,0.913344887348354,0.0866551126516465,0
"Myrtle Beach-Socastee, SC-NC",2011,27445,684.2,0,0,0,39.7,723.9,0,0,0.945158171018097,0.0548418289819036,0
"Myrtle Beach-Socastee, SC-NC",2012,27974,916.9,0,0,0,31.5,948.4,0,0,0.96678616617461,0.0332138338253901,0
"Odessa, TX",2004,91880,226.2,0,0,0,6.7,232.9,0,0,0.971232288535852,0.0287677114641477,0
"Odessa, TX",2005,92541,298.6,0,0,0,14.6,313.2,0,0,0.95338441890166,0.0466155810983397,0
"Odessa, TX",2006,93843,373.4,0,0,0,14.7,388.1,0,0,0.962123164132955,0.0378768358670446,0
"Odessa, TX",2007,95791,410.6,0,0,0,22.3,432.9,0,0,0.948486948486949,0.0515130515130515,0
"Odessa, TX",2008,97445,445,0,0,0,24.5,469.5,0,0,0.947816826411076,0.0521831735889244,0
"Odessa, TX",2009,99986,399.5,0,0,0,23.9,423.4,0,0,0.943552196504488,0.0564478034955125,0
"Odessa, TX",2010,99814,462.9,0,0,0,25.5,488.4,0,0,0.947788697788698,0.0522113022113022,0
"Odessa, TX",2010,99952,462.9,0,0,0,25.5,488.4,0,0,0.947788697788698,0.0522113022113022,0
"Odessa, TX",2011,102012,476.7,0,0,0,27.6,504.3,0,0,0.945270672218917,0.0547293277810827,0
"Odessa, TX",2012,105902,484,0,0,0,29.6,513.6,0,0,0.942367601246106,0.0576323987538941,0
"Phoenix-Mesa, AZ",2000,1725381,38338.1,0,0,618.8,768.3,39725.2,0,0,0.965082617582794,0.0193403683304301,0.0155770140867762
"Phoenix-Mesa, AZ",2001,1746928,39238.9,0,0,743,817.8,40799.7,0,0,0.961744816751104,0.0200442650313605,0.0182109182175359
"Phoenix-Mesa, AZ",2002,1765950,42911.2,0,0,753.9,585.8,44250.9,0,0,0.969724909549862,0.0132381488286114,0.0170369416215263
"Phoenix-Mesa, AZ",2003,1781510,52719.9,0,0,713.6,827.1,54260.6,0,0,0.971605548040383,0.0152431045731157,0.0131513473865014
"Phoenix-Mesa, AZ",2004,1805638,53686.3,0,0,623.4,861.6,55171.3,0,0,0.973083831629851,0.0156168152644582,0.0112993531056908
"Phoenix-Mesa, AZ",2005,1846202,58672.1,0,0,778.8,864.7,60315.6,0,0,0.972751659603817,0.0143362579498505,0.0129120824463323
"Phoenix-Mesa, AZ",2006,1877306,62270.1,0,0,1028.8,874.8,64173.7,0,0,0.970336757893031,0.0136317525715363,0.0160314895354327
"Phoenix-Mesa, AZ",2007,1890336,63644.4,0,0,1163.2,928.6,65736.2,0,0,0.968178872523815,0.0141261587983486,0.0176949686778366
"Phoenix-Mesa, AZ",2008,1898379,70177.8,0,0,1371.6,952.9,72502.3,0,0,0.967938948143714,0.0131430313245235,0.0189180205317624
"Phoenix-Mesa, AZ",2009,1893539,70304.7,5580.9,0,1264.7,949.9,78100.2,0.07145820369218,0,0.900185915016863,0.0121625808896776,0.0161933004012794
"Phoenix-Mesa, AZ",2010,1889831,54315.9,12112.7,0,1065,911.3,68404.9,0.177073572214856,0,0.794035222622941,0.0133221450510124,0.0155690601111909
"Phoenix-Mesa, AZ",2010,1889738,54315.9,12112.7,0,1065,911.3,68404.9,0.177073572214856,0,0.794035222622941,0.0133221450510124,0.0155690601111909
"Phoenix-Mesa, AZ",2011,1917295,53845.2,12793.5,0,1133.1,821.8,68593.6,0.186511569592498,0,0.784988686991206,0.0119807095705722,0.0165190338457232
"Phoenix-Mesa, AZ",2012,1956061,56531.7,13553.5,0,1296.6,813,72194.8,0.187735127737732,0,0.783043931141855,0.0112611988675085,0.0179597422529046
"Racine, WI",2000,82070,2079.3,0,0,0,41.1,2120.4,0,0,0.980616864742501,0.0193831352574986,0
"Racine, WI",2001,81524,1958.1,0,0,0,31,1989.1,0,0,0.984415062088382,0.0155849379116183,0
"Racine, WI",2002,81254,1778.8,0,0,0,33.7,1812.5,0,0,0.981406896551724,0.0185931034482759,0
"Racine, WI",2003,81077,1533.2,0,0,0,33.3,1566.5,0,0,0.97874241940632,0.0212575805936802,0
"Racine, WI",2004,80882,1478.8,0,0,0,19.8,1498.6,0,0,0.986787668490591,0.0132123315094088,0
"Racine, WI",2005,80871,1503.4,0,0,0,17.2,1520.6,0,0,0.98868867552282,0.0113113244771801,0
"Racine, WI",2006,80540,1519.5,0,0,0,14.7,1534.2,0,0,0.990418459131795,0.00958154086820493,0
"Racine, WI",2007,80121,1458.7,0,0,0,17.8,1476.5,0,0,0.987944463257704,0.012055536742296,0
"Racine, WI",2008,79650,1488.1,0,0,0,28.1,1516.2,0,0,0.98146682495713,0.0185331750428703,0
"Racine, WI",2009,79203,1384.4,0,0,0,44,1428.4,0,0,0.969196303556427,0.0308036964435732,0
"Racine, WI",2010,78901,1415.7,0,0,0,39.3,1455,0,0,0.97298969072165,0.0270103092783505,0
"Racine, WI",2010,78461,1415.7,0,0,0,39.3,1455,0,0,0.97298969072165,0.0270103092783505,0
"Racine, WI",2011,78172,1539.9,0,0,0,31.5,1571.4,0,0,0.979954180985109,0.0200458190148912,0
"Racine, WI",2012,77909,1417.1,0,0,0,43.1,1460.2,0,0,0.970483495411587,0.0295165045884125,0
"Rochester, MN",2000,90612,1048,0,0,0,43.1,1091.1,0,0,0.960498579415269,0.039501420584731,0
"Rochester, MN",2001,92132,1170.6,0,0,0,42.7,1213.3,0,0,0.964806725459491,0.0351932745405094,0
"Rochester, MN",2002,94085,1170.6,0,0,0,52.7,1223.3,0,0,0.956919807079212,0.043080192920788,0
"Rochester, MN",2003,95803,1231.9,0,0,0,48.3,1280.2,0,0,0.962271520074988,0.0377284799250117,0
"Rochester, MN",2004,97468,1173.3,0,0,0,43.7,1217,0,0,0.964092029580937,0.0359079704190633,0
"Rochester, MN",2005,98976,1300.8,0,0,0,43.1,1343.9,0,0,0.967929161395937,0.0320708386040628,0
"Rochester, MN",2006,100900,1427.3,0,0,0,37.5,1464.8,0,0,0.974399235390497,0.025600764609503,0
"Rochester, MN",2007,102614,1545.4,0,0,0,37.9,1583.3,0,0,0.97606265395061,0.0239373460493905,0
"Rochester, MN",2008,104399,1727.6,0,0,0,39.9,1767.5,0,0,0.977425742574257,0.0225742574257426,0
"Rochester, MN",2009,106086,1584.5,0,0,0,39.9,1624.4,0,0,0.975437084461955,0.0245629155380448,0
"Rochester, MN",2010,106961,1520.6,0,0,0,40.7,1561.3,0,0,0.973931979760456,0.026068020239544,0
"Rochester, MN",2010,107050,1520.6,0,0,0,40.7,1561.3,0,0,0.973931979760456,0.026068020239544,0
"Rochester, MN",2011,108114,1645.3,0,0,0,40.5,1685.8,0,0,0.975975797840788,0.0240242021592122,0
"Rochester, MN",2012,108943,1739.1,0,0,0,38.5,1777.6,0,0,0.978341584158416,0.0216584158415842,0
"San Antonio, TX",2000,1153843,44415.3,0,0,0,1016.5,45431.8,0,0,0.977625803952298,0.0223741960477023,0
"San Antonio, TX",2001,1161680,45952.7,0,0,0,1028.8,46981.5,0,0,0.978102018879772,0.0218979811202282,0
"San Antonio, TX",2002,1175718,44142.6,0,0,0,1019.5,45162.1,0,0,0.977425761866698,0.022574238133302,0
"San Antonio, TX",2003,1185891,39270.7,0,0,0,991.4,40262.1,0,0,0.975376346489627,0.0246236535103733,0
"San Antonio, TX",2004,1202840,42213.1,0,0,0,996.5,43209.6,0,0,0.976937995260313,0.0230620047396875,0
"San Antonio, TX",2005,1217575,39697.2,0,0,0,999.4,40696.6,0,0,0.975442665972096,0.0245573340279041,0
"San Antonio, TX",2006,1245274,41592.6,0,0,7.3,1068.6,42668.5,0,0,0.974784677220901,0.025044236380468,0.000171086398631309
"San Antonio, TX",2007,1270187,40570,0,0,67,1080.7,41717.7,0,0,0.972488895600668,0.0259050714684654,0.00160603293086628
"San Antonio, TX",2008,1291232,47129.5,0,0,124,1096,48349.5,0,0,0.974767060672809,0.0226682799201646,0.00256465940702593
"San Antonio, TX",2009,1310266,43296.3,0,0,125.3,1078.6,44500.2,0,0,0.972946189005892,0.0242380933119402,0.00281571768216772
"San Antonio, TX",2010,1332966,41323.1,0,0,129.4,1054.1,42506.6,0,0,0.972157264989437,0.0247985018797081,0.00304423313085497
"San Antonio, TX",2010,1334405,41323.1,0,0,129.4,1054.1,42506.6,0,0,0.972157264989437,0.0247985018797081,0.00304423313085497
"San Antonio, TX",2011,1357807,44157.5,0,0,284.9,1051.1,45493.5,0,0,0.970633167375559,0.0231043995296031,0.00626243309483772
"San Antonio, TX",2012,1383810,49322.8,0,0,430.8,1050.8,50804.4,0,0,0.970837171583564,0.0206832479076615,0.00847958050877483
"Sierra Vista, AZ",2012,46554,154.8,0,0,0,10.4,165.2,0,0,0.937046004842615,0.062953995157385,0
"Tucson, AZ",2000,486372,17991.9,0,0,0,312.1,18304,0,0,0.982949082167832,0.0170509178321678,0
"Tucson, AZ",2001,488463,15570.1,0,0,0,294.7,15864.8,0,0,0.981424285210025,0.0185757147899753,0
"Tucson, AZ",2002,492802,15245.4,0,0,0,283.8,15529.2,0,0,0.981724750792056,0.0182752492079437,0
"Tucson, AZ",2003,495194,16582.7,0,0,0,289.7,16872.4,0,0,0.982829947132595,0.0171700528674048,0
"Tucson, AZ",2004,499583,16511,0,0,0,342.3,16853.3,0,0,0.979689437676894,0.0203105623231059,0
"Tucson, AZ",2005,505902,16236.2,0,0,0,384.3,16620.5,0,0,0.976877951926837,0.0231220480731627,0
"Tucson, AZ",2006,513333,17386.4,0,0,0,428.2,17814.6,0,0,0.97596353552704,0.0240364644729604,0
"Tucson, AZ",2007,517450,17765.7,0,0,0,439.8,18205.5,0,0,0.975842465189091,0.0241575348109088,0
"Tucson, AZ",2008,520054,18407.3,0,0,0,450.5,18857.8,0,0,0.97611068099142,0.02388931900858,0
"Tucson, AZ",2009,520418,21575.4,0,0,0,468.9,22044.3,0,0,0.978729195302187,0.021270804697813,0
"Tucson, AZ",2010,521104,20383.6,0,0,0,463.9,20847.5,0,0,0.977747931406643,0.0222520685933565,0
"Tucson, AZ",2010,527048,20383.6,0,0,0,463.9,20847.5,0,0,0.977747931406643,0.0222520685933565,0
"Tucson, AZ",2011,530646,19702.5,0,0,0,499.3,20201.8,0,0,0.975284380599748,0.0247156194002515,0
"Tucson, AZ",2012,531845,19944,0,0,0,540.4,20484.4,0,0,0.973618949053914,0.0263810509460858,0
"Waco, TX",2000,115074,680.9,0,0,0,23.7,704.6,0,0,0.966363894408175,0.0336361055918251,0
"Waco, TX",2001,115517,666.1,0,0,0,23.8,689.9,0,0,0.965502246702421,0.0344977532975794,0
"Waco, TX",2002,116120,656.6,0,0,0,24.1,680.7,0,0,0.964595269575437,0.0354047304245629,0
"Waco, TX",2003,117001,613.9,0,0,0,22.2,636.1,0,0,0.965099827071215,0.0349001729287848,0
"Waco, TX",2004,118408,612.7,0,0,0,21.3,634,0,0,0.966403785488959,0.033596214511041,0
"Waco, TX",2005,118875,545.5,0,0,0,24.7,570.2,0,0,0.956681866011926,0.0433181339880744,0
"Waco, TX",2006,119479,598.7,0,0,0,27.2,625.9,0,0,0.956542578686691,0.0434574213133088,0
"Waco, TX",2007,120813,605.6,0,0,0,30,635.6,0,0,0.952800503461296,0.0471994965387036,0
"Waco, TX",2008,122029,688.4,0,0,0,31,719.4,0,0,0.956908534890186,0.0430914651098137,0
"Waco, TX",2009,123250,636.1,0,0,0,30.3,666.4,0,0,0.95453181272509,0.04546818727491,0
"Waco, TX",2010,125385,700,0,0,0,27.3,727.3,0,0,0.962463907603465,0.0375360923965351,0
"Waco, TX",2010,125360,700,0,0,0,27.3,727.3,0,0,0.962463907603465,0.0375360923965351,0
"Waco, TX",2011,126430,849.8,0,0,0,26.9,876.7,0,0,0.969316756016881,0.0306832439831185,0
"Waco, TX",2012,127476,905.3,0,0,0,31.3,936.6,0,0,0.966581251334614,0.0334187486653854,0
"Wausau, WI",2000,38563,827.9,0,0,0,24,851.9,0,0,0.971827679305083,0.0281723206949172,0
"Wausau, WI",2001,38462,805.7,0,0,0,21.5,827.2,0,0,0.974008704061896,0.0259912959381044,0
"Wausau, WI",2002,38408,758.6,0,0,0,20.9,779.5,0,0,0.973187940987813,0.0268120590121873,0
"Wausau, WI",2003,38359,725.2,0,0,0,18.1,743.3,0,0,0.975649132248083,0.0243508677519171,0
"Wausau, WI",2004,38334,758.6,0,0,0,11.8,770.4,0,0,0.984683281412253,0.0153167185877466,0
"Wausau, WI",2005,38468,809.5,0,0,0,25.3,834.8,0,0,0.969693339722089,0.0303066602779109,0
"Wausau, WI",2006,38757,857.4,0,0,0,24.9,882.3,0,0,0.971778306698402,0.0282216933015981,0
"Wausau, WI",2007,38981,848.8,0,0,0,34.1,882.9,0,0,0.961377279420093,0.0386227205799071,0
"Wausau, WI",2008,39154,851.9,0,0,0,32.8,884.7,0,0,0.962925285407483,0.0370747145925172,0
"Wausau, WI",2009,39181,794.1,0,0,0,28.1,822.2,0,0,0.96582340063245,0.0341765993675505,0
"Wausau, WI",2010,39284,774.1,0,0,0,28.7,802.8,0,0,0.964250124564026,0.0357498754359741,0
"Wausau, WI",2010,39118,774.1,0,0,0,28.7,802.8,0,0,0.964250124564026,0.0357498754359741,0
"Wausau, WI",2011,39251,788.7,0,0,0,8.7,797.4,0,0,0.989089541008277,0.0109104589917231,0
"Wausau, WI",2012,39245,631.4,0,0,0,3.4,634.8,0,0,0.994643982356648,0.00535601764335224,0
"Wilmington, NC",2000,90238,1159,0,0,0,4.4,1163.4,0,0,0.996217981777549,0.00378201822245144,0
"Wilmington, NC",2001,91506,1421.3,0,0,0,3.2,1424.5,0,0,0.997753597753598,0.00224640224640225,0
"Wilmington, NC",2002,92844,1547.9,0,0,0,3,1550.9,0,0,0.998065639306209,0.0019343606937907,0
"Wilmington, NC",2003,94291,1475.9,0,0,0,3.1,1479,0,0,0.99790398918188,0.00209601081812035,0
"Wilmington, NC",2004,97131,1484.8,0,0,0,1.9,1486.7,0,0,0.99872200174884,0.00127799825116029,0
"Wilmington, NC",2005,100237,1230,0,0,0,1.6,1231.6,0,0,0.998700876908087,0.00129912309191296,0
"Wilmington, NC",2006,102509,1411.2,0,0,0,2.2,1413.4,0,0,0.998443469647658,0.00155653035234187,0
"Wilmington, NC",2007,103767,1549.9,0,0,0,3.8,1553.7,0,0,0.997554225397438,0.00244577460256163,0
"Wilmington, NC",2008,104997,1454.4,0,0,0,66.7,1521.1,0,0,0.956150154493459,0.0438498455065413,0
"Wilmington, NC",2009,105607,1424.1,0,0,0,66.3,1490.4,0,0,0.955515297906602,0.0444847020933977,0
"Wilmington, NC",2010,106769,1352.2,0,0,0,70.2,1422.4,0,0,0.950646794150731,0.0493532058492688,0
"Wilmington, NC",2010,106825,1352.2,0,0,0,70.2,1422.4,0,0,0.950646794150731,0.0493532058492688,0
"Wilmington, NC",2011,108171,1486.5,0,0,0,81,1567.5,0,0,0.948325358851675,0.0516746411483254,0
"Wilmington, NC",2012,109706,1530.5,0,0,0,80.5,1611,0,0,0.950031036623215,0.0499689633767846,0
"Winston-Salem, NC",2000,201956,2712.2,0,0,485.5,96.4,3294.1,0,0,0.823350839379497,0.0292644424880848,0.147384718132419
"Winston-Salem, NC",2001,204209,3067.7,0,0,0,98,3165.7,0,0,0.969043181602805,0.0309568183971949,0
"Winston-Salem, NC",2002,206410,2831.4,0,0,0,100.5,2931.9,0,0,0.965721886831065,0.0342781131689348,0
"Winston-Salem, NC",2003,207914,2661.5,0,0,0,98.7,2760.2,0,0,0.964241721614376,0.0357582783856242,0
"Winston-Salem, NC",2004,209992,2742.3,0,0,0,119.2,2861.5,0,0,0.958343526122663,0.0416564738773371,0
"Winston-Salem, NC",2005,213310,2727.7,0,0,0,117.4,2845.1,0,0,0.95873607254578,0.0412639274542195,0
"Winston-Salem, NC",2006,217820,2861.8,0,0,0,120.4,2982.2,0,0,0.959627120917444,0.0403728790825565,0
"Winston-Salem, NC",2007,221958,2767.6,0,0,0,132,2899.6,0,0,0.954476479514416,0.0455235204855842,0
"Winston-Salem, NC",2008,225690,2773.2,0,0,0,133.3,2906.5,0,0,0.954137278513676,0.0458627214863238,0
"Winston-Salem, NC",2009,228293,2957.2,0,0,0,132.4,3089.6,0,0,0.957146556188503,0.0428534438114966,0
"Winston-Salem, NC",2010,230046,2684.3,0,0,0,130.7,2815,0,0,0.953570159857904,0.0464298401420959,0
"Winston-Salem, NC",2010,230024,2684.3,0,0,0,130.7,2815,0,0,0.953570159857904,0.0464298401420959,0
"Winston-Salem, NC",2011,231879,2948.3,0,0,0,139.6,3087.9,0,0,0.954791282101104,0.0452087178988957,0
"Winston-Salem, NC",2012,233892,3356.4,0,0,0,157.2,3513.6,0,0,0.95525956284153,0.0447404371584699,0
