"ID","NDVI","time"
1,0.504873101393831,2000-01-05
2,0.44706768381897,2000-01-05
3,0.468753844586431,2000-01-05
4,0.489711823012827,2000-01-05
5,0.477337439088025,2000-01-05
6,0.443966718213296,2000-01-05
7,0.546174288695868,2000-01-05
8,0.438972720462663,2000-01-05
9,0.527198063818588,2000-01-05
10,0.111730634530711,2000-01-05
11,0.217626300065724,2000-01-05
12,0.254680041196283,2000-01-05
13,0.352592010372666,2000-01-05
14,0.33246692182876,2000-01-05
15,0.616289922093818,2000-01-05
16,0.379494922520717,2000-01-05
17,0.445215735358431,2000-01-05
18,0.461227697656274,2000-01-05
19,0.481519604471306,2000-01-05
20,1.35343720572904,2000-01-05
21,0.848348732540303,2000-01-05
22,1.39849688471458,2000-01-05
23,1.46562593480013,2000-01-05
24,0.225171402893657,2000-01-05
25,0.220397799148062,2000-01-05
26,0.409791228627247,2000-01-05
27,0.409411350477398,2000-01-05
28,0.410030869647239,2000-01-05
29,0.325957036715743,2000-01-05
30,0.383277358861884,2000-01-05
31,0.281003089567502,2000-01-05
32,0.237692433426158,2000-01-05
33,0.261640658185075,2000-01-05
34,0.445109652591495,2000-01-05
35,0.308794367163377,2000-01-05
36,0.352969948078941,2000-01-05
1,0.503593951799691,2000-01-13
2,0.446270768707036,2000-01-13
3,0.469494331335629,2000-01-13
4,0.490934807468544,2000-01-13
5,0.474940801800821,2000-01-13
6,0.4389504263105,2000-01-13
7,0.543582077240541,2000-01-13
8,0.440608803520806,2000-01-13
9,0.518874752148538,2000-01-13
10,0.11267306088011,2000-01-13
11,0.21508648190893,2000-01-13
12,0.24795161464569,2000-01-13
13,0.347619530197975,2000-01-13
14,0.32538910026364,2000-01-13
15,0.612468211132264,2000-01-13
16,0.369872864442651,2000-01-13
17,0.433417557894182,2000-01-13
18,0.457181058741023,2000-01-13
19,0.478752772255019,2000-01-13
20,1.35035106092232,2000-01-13
21,0.845176413255824,2000-01-13
22,1.39807650038216,2000-01-13
23,1.46069358361783,2000-01-13
24,0.224163518011069,2000-01-13
25,0.218106989701507,2000-01-13
26,0.401543453177673,2000-01-13
27,0.415714765484128,2000-01-13
28,0.409644868610873,2000-01-13
29,0.318716486863459,2000-01-13
30,0.379081710471016,2000-01-13
31,0.277438051899907,2000-01-13
32,0.23508485572305,2000-01-13
33,0.258671345790191,2000-01-13
34,0.440440358682788,2000-01-13
35,0.308149537777864,2000-01-13
36,0.347023167129238,2000-01-13
1,0.502225639078822,2000-01-21
2,0.447076252466762,2000-01-21
3,0.472793954396783,2000-01-21
4,0.492979404533451,2000-01-21
5,0.472551026348799,2000-01-21
6,0.437892288621244,2000-01-21
7,0.540694789200456,2000-01-21
8,0.443839810303085,2000-01-21
9,0.51010821729878,2000-01-21
10,0.113019188379931,2000-01-21
11,0.212976531502185,2000-01-21
12,0.239855886447704,2000-01-21
13,0.342416571652485,2000-01-21
14,0.318276920318258,2000-01-21
15,0.60888353251535,2000-01-21
16,0.360218166512704,2000-01-21
17,0.42144403229129,2000-01-21
18,0.457098754310651,2000-01-21
19,0.482631476933297,2000-01-21
20,1.34747728109672,2000-01-21
21,0.842577920839926,2000-01-21
22,1.39802674065979,2000-01-21
23,1.45679908125315,2000-01-21
24,0.223587583871811,2000-01-21
25,0.21149690761084,2000-01-21
26,0.399356595123879,2000-01-21
27,0.42506262883659,2000-01-21
28,0.411904261254323,2000-01-21
29,0.311027483772678,2000-01-21
30,0.381069032669052,2000-01-21
31,0.273714720732702,2000-01-21
32,0.231328641361281,2000-01-21
33,0.255396873016883,2000-01-21
34,0.439343717060294,2000-01-21
35,0.30842393304839,2000-01-21
36,0.340964798382423,2000-01-21
1,0.501385446939367,2000-01-29
2,0.44803426484318,2000-01-29
3,0.476720934182681,2000-01-29
4,0.495439095761927,2000-01-29
5,0.470494069957901,2000-01-29
6,0.438468519256447,2000-01-29
7,0.537973910938264,2000-01-29
8,0.447425816287984,2000-01-29
9,0.501051354273358,2000-01-29
10,0.113396158854262,2000-01-29
11,0.211109773504865,2000-01-29
12,0.231736140577789,2000-01-29
13,0.33729789318151,2000-01-29
14,0.311204252801381,2000-01-29
15,0.6052559131679,2000-01-29
16,0.350419163277696,2000-01-29
17,0.40951348437313,2000-01-29
18,0.458448205273522,2000-01-29
19,0.488596870234762,2000-01-29
20,1.34456753635871,2000-01-29
21,0.840116461276952,2000-01-29
22,1.39792207346887,2000-01-29
23,1.45290115365153,2000-01-29
24,0.223097354145564,2000-01-29
25,0.203549376964845,2000-01-29
26,0.398990407491754,2000-01-29
27,0.434561513448705,2000-01-29
28,0.415719667107358,2000-01-29
29,0.303682123144122,2000-01-29
30,0.385043677064487,2000-01-29
31,0.27005677185895,2000-01-29
32,0.227836441760859,2000-01-29
33,0.252096684798075,2000-01-29
34,0.438766267111064,2000-01-29
35,0.308583425576434,2000-01-29
36,0.334866944449142,2000-01-29
1,0.500368643338717,2000-02-06
2,0.449223639275288,2000-02-06
3,0.480718191423194,2000-02-06
4,0.497572886868417,2000-02-06
5,0.468231245785885,2000-02-06
6,0.439245401279654,2000-02-06
7,0.535302784023552,2000-02-06
8,0.450972377433619,2000-02-06
9,0.492192051971958,2000-02-06
10,0.113776556476619,2000-02-06
11,0.209061477665706,2000-02-06
12,0.223242402660216,2000-02-06
13,0.332328852931166,2000-02-06
14,0.304080047458602,2000-02-06
15,0.601786315434093,2000-02-06
16,0.340805695054125,2000-02-06
17,0.397686082124646,2000-02-06
18,0.459929686885414,2000-02-06
19,0.495100210765905,2000-02-06
20,1.34193694904047,2000-02-06
21,0.837577921020281,2000-02-06
22,1.39789461978572,2000-02-06
23,1.44912310936052,2000-02-06
24,0.222457998596645,2000-02-06
25,0.195377223731487,2000-02-06
26,0.398738867839738,2000-02-06
27,0.444295510005571,2000-02-06
28,0.419675748452076,2000-02-06
29,0.296106521987846,2000-02-06
30,0.389275302907845,2000-02-06
31,0.266350646645884,2000-02-06
32,0.224059654650745,2000-02-06
33,0.248640487254427,2000-02-06
34,0.43852637654344,2000-02-06
35,0.30879779701886,2000-02-06
36,0.329011150450154,2000-02-06
1,0.499259246923336,2000-02-14
2,0.450226209767884,2000-02-14
3,0.484694879917114,2000-02-14
4,0.499845613970535,2000-02-14
5,0.466042191031755,2000-02-14
6,0.440125181974565,2000-02-14
7,0.532599061134123,2000-02-14
8,0.454417755559938,2000-02-14
9,0.482942782100524,2000-02-14
10,0.114144959387761,2000-02-14
11,0.207215271248334,2000-02-14
12,0.215129519111834,2000-02-14
13,0.327215333914209,2000-02-14
14,0.29694725222837,2000-02-14
15,0.598272059115027,2000-02-14
16,0.331025588942931,2000-02-14
17,0.385795073145358,2000-02-14
18,0.461352869040436,2000-02-14
19,0.501278041900404,2000-02-14
20,1.33900665292827,2000-02-14
21,0.835217523495448,2000-02-14
22,1.39788775638835,2000-02-14
23,1.44528683632807,2000-02-14
24,0.222118608910242,2000-02-14
25,0.187331956564685,2000-02-14
26,0.398665287778608,2000-02-14
27,0.453947131794188,2000-02-14
28,0.423513456575763,2000-02-14
29,0.288663222899027,2000-02-14
30,0.393541192857037,2000-02-14
31,0.262778726702521,2000-02-14
32,0.22042687576837,2000-02-14
33,0.245146573428432,2000-02-14
34,0.438435561122594,2000-02-14
35,0.309024173263579,2000-02-14
36,0.322760506934874,2000-02-14
1,0.498472209741324,2000-02-22
2,0.451571539355938,2000-02-22
3,0.488880687044282,2000-02-22
4,0.502289867835634,2000-02-22
5,0.464017830509165,2000-02-22
6,0.441070130953217,2000-02-22
7,0.529708342593777,2000-02-22
8,0.458063785474197,2000-02-22
9,0.474138453083772,2000-02-22
10,0.11452707045822,2000-02-22
11,0.205089907344838,2000-02-22
12,0.206773025837377,2000-02-22
13,0.321974535942037,2000-02-22
14,0.290073863079772,2000-02-22
15,0.594610087497384,2000-02-22
16,0.321460222315028,2000-02-22
17,0.373936727878365,2000-02-22
18,0.46283435077561,2000-02-22
19,0.508312477273409,2000-02-22
20,1.33593420915677,2000-02-22
21,0.832649863401633,2000-02-22
22,1.39783284903805,2000-02-22
23,1.44158243488933,2000-02-22
24,0.221498108298777,2000-02-22
25,0.179188953114696,2000-02-22
26,0.398863782063331,2000-02-22
27,0.463694857762686,2000-02-22
28,0.427738880935138,2000-02-22
29,0.281608240082668,2000-02-22
30,0.397915014843952,2000-02-22
31,0.258984851919779,2000-02-22
32,0.21675295171087,2000-02-22
33,0.24188753008937,2000-02-22
34,0.438553792812923,2000-02-22
35,0.309679292366956,2000-02-22
36,0.316784541421438,2000-02-22
1,0.498784281161393,2000-03-01
2,0.454716355767941,2000-03-01
3,0.494412054940879,2000-03-01
4,0.504578032321576,2000-03-01
5,0.46329214840202,2000-03-01
6,0.443525970488138,2000-03-01
7,0.528256978578565,2000-03-01
8,0.463085222504413,2000-03-01
9,0.464483754701363,2000-03-01
10,0.115099380186978,2000-03-01
11,0.203277953508823,2000-03-01
12,0.198878018304049,2000-03-01
13,0.31660989911456,2000-03-01
14,0.284765496591464,2000-03-01
15,0.591494319736202,2000-03-01
16,0.313559518271366,2000-03-01
17,0.364720637281982,2000-03-01
18,0.465793884078881,2000-03-01
19,0.520183301226507,2000-03-01
20,1.32992633102654,2000-03-01
21,0.829212042435738,2000-03-01
22,1.39785515510349,2000-03-01
23,1.43835585510528,2000-03-01
24,0.221472396869066,2000-03-01
25,0.172037032712634,2000-03-01
26,0.401160154257079,2000-03-01
27,0.473466609571252,2000-03-01
28,0.434069297689453,2000-03-01
29,0.275804116755173,2000-03-01
30,0.405086507044601,2000-03-01
31,0.255495519706427,2000-03-01
32,0.213528196037597,2000-03-01
33,0.238928504035607,2000-03-01
34,0.44220869342884,2000-03-01
35,0.312886289499612,2000-03-01
36,0.311205142416668,2000-03-01
1,0.502261647746345,2000-03-09
2,0.463952002478341,2000-03-09
3,0.504941708003776,2000-03-09
4,0.508080605324198,2000-03-09
5,0.467968765210995,2000-03-09
6,0.450099456736531,2000-03-09
7,0.530948692060998,2000-03-09
8,0.472479836643764,2000-03-09
9,0.452961679548985,2000-03-09
10,0.115921861293577,2000-03-09
11,0.201378655694725,2000-03-09
12,0.192484125841347,2000-03-09
13,0.313183686731554,2000-03-09
14,0.284336017405691,2000-03-09
15,0.590451722777164,2000-03-09
16,0.309969070071367,2000-03-09
17,0.363623852382859,2000-03-09
18,0.474279823728974,2000-03-09
19,0.543520631655063,2000-03-09
20,1.32005820335193,2000-03-09
21,0.824926328162544,2000-03-09
22,1.39825666510144,2000-03-09
23,1.436490809751,2000-03-09
24,0.223205341669844,2000-03-09
25,0.168007540257216,2000-03-09
26,0.409616690506415,2000-03-09
27,0.484830947769625,2000-03-09
28,0.446539703839014,2000-03-09
29,0.275171814305561,2000-03-09
30,0.418528343308178,2000-03-09
31,0.252142113372261,2000-03-09
32,0.212624715866268,2000-03-09
33,0.237870729255501,2000-03-09
34,0.455678535527993,2000-03-09
35,0.323646021746527,2000-03-09
36,0.308645485706084,2000-03-09
1,0.511217408607853,2000-03-17
2,0.481501273513351,2000-03-17
3,0.523316750915279,2000-03-17
4,0.516713537779312,2000-03-17
5,0.480190415755311,2000-03-17
6,0.464045606554832,2000-03-17
7,0.540646752990306,2000-03-17
8,0.489127066639966,2000-03-17
9,0.439268155868542,2000-03-17
10,0.115606576837523,2000-03-17
11,0.19953416203938,2000-03-17
12,0.189447584424758,2000-03-17
13,0.317303053648982,2000-03-17
14,0.289604871482133,2000-03-17
15,0.594249386683347,2000-03-17
16,0.313300112498839,2000-03-17
17,0.370813125070746,2000-03-17
18,0.491479754697056,2000-03-17
19,0.577407901458849,2000-03-17
20,1.31398867083244,2000-03-17
21,0.823547431428921,2000-03-17
22,1.39916778380638,2000-03-17
23,1.43603182700546,2000-03-17
24,0.227238594926958,2000-03-17
25,0.168355619845291,2000-03-17
26,0.425627983782713,2000-03-17
27,0.499425078299001,2000-03-17
28,0.467925876417359,2000-03-17
29,0.281422673053783,2000-03-17
30,0.437995534946739,2000-03-17
31,0.250012037655786,2000-03-17
32,0.21513971661264,2000-03-17
33,0.239307382770397,2000-03-17
34,0.480837890424787,2000-03-17
35,0.343105805213313,2000-03-17
36,0.314597417029188,2000-03-17
1,0.524998272767876,2000-03-25
2,0.50579604611452,2000-03-25
3,0.54894753599927,2000-03-25
4,0.532590039501264,2000-03-25
5,0.498706455898645,2000-03-25
6,0.485709128972597,2000-03-25
7,0.55658259138185,2000-03-25
8,0.512123122757652,2000-03-25
9,0.428730447517906,2000-03-25
10,0.114309455561397,2000-03-25
11,0.197338580821073,2000-03-25
12,0.190144101907764,2000-03-25
13,0.330287229164661,2000-03-25
14,0.298641119409897,2000-03-25
15,0.602861547327211,2000-03-25
16,0.320999820269817,2000-03-25
17,0.377845959428897,2000-03-25
18,0.514562745049049,2000-03-25
19,0.610256966763808,2000-03-25
20,1.32368211121057,2000-03-25
21,0.830522422551785,2000-03-25
22,1.40046496969931,2000-03-25
23,1.43653362510637,2000-03-25
24,0.234557758162375,2000-03-25
25,0.170965359091442,2000-03-25
26,0.445258373573096,2000-03-25
27,0.518448588752715,2000-03-25
28,0.496489952702627,2000-03-25
29,0.292225078523441,2000-03-25
30,0.457452447266433,2000-03-25
31,0.248809353745858,2000-03-25
32,0.220766323743927,2000-03-25
33,0.243295039054911,2000-03-25
34,0.513123702631933,2000-03-25
35,0.368465091176414,2000-03-25
36,0.329757931659662,2000-03-25
1,0.542633732489536,2000-04-02
2,0.534656371319253,2000-04-02
3,0.579874858783764,2000-04-02
4,0.556003418150733,2000-04-02
5,0.522352020357358,2000-04-02
6,0.51487222227377,2000-04-02
7,0.574484461593813,2000-04-02
8,0.539555809945967,2000-04-02
9,0.427392189666626,2000-04-02
10,0.113046604224287,2000-04-02
11,0.195089908241766,2000-04-02
12,0.193070847326997,2000-04-02
13,0.349336076101098,2000-04-02
14,0.309831636194495,2000-04-02
15,0.613302975955407,2000-04-02
16,0.331434453133762,2000-04-02
17,0.381411370967152,2000-04-02
18,0.537306228583929,2000-04-02
19,0.632311103506186,2000-04-02
20,1.34624933104214,2000-04-02
21,0.845650890795498,2000-04-02
22,1.40222543636535,2000-04-02
23,1.43704056125125,2000-04-02
24,0.245690771319511,2000-04-02
25,0.174152944670078,2000-04-02
26,0.464529420613151,2000-04-02
27,0.540097807716404,2000-04-02
28,0.529876467631067,2000-04-02
29,0.30567353212009,2000-04-02
30,0.471173536876803,2000-04-02
31,0.249084646178375,2000-04-02
32,0.227999308322646,2000-04-02
33,0.248690204466547,2000-04-02
34,0.547616505355468,2000-04-02
35,0.395115751081215,2000-04-02
36,0.350853209840893,2000-04-02
1,0.564048341246749,2000-04-10
2,0.566404442476378,2000-04-10
3,0.61654609540349,2000-04-10
4,0.5858576199305,2000-04-10
5,0.549902200059757,2000-04-10
6,0.549398032848391,2000-04-10
7,0.590910948976251,2000-04-10
8,0.573534544980908,2000-04-10
9,0.435492172509591,2000-04-10
10,0.112554829098818,2000-04-10
11,0.193219725144024,2000-04-10
12,0.195673351974793,2000-04-10
13,0.37288612719993,2000-04-10
14,0.326189649830995,2000-04-10
15,0.622351412646977,2000-04-10
16,0.348022667745189,2000-04-10
17,0.387921599388502,2000-04-10
18,0.554658766272216,2000-04-10
19,0.639059432719528,2000-04-10
20,1.36722381249718,2000-04-10
21,0.862362093054481,2000-04-10
22,1.40381946517046,2000-04-10
23,1.43761771495082,2000-04-10
24,0.262481995052085,2000-04-10
25,0.177782917222767,2000-04-10
26,0.481644409636646,2000-04-10
27,0.558182585029651,2000-04-10
28,0.568035670573224,2000-04-10
29,0.323323016182625,2000-04-10
30,0.476607835196955,2000-04-10
31,0.251546793446811,2000-04-10
32,0.234507108689346,2000-04-10
33,0.253821354551624,2000-04-10
34,0.579979424498595,2000-04-10
35,0.420348129235048,2000-04-10
36,0.375510719766433,2000-04-10
1,0.589005473842755,2000-04-18
2,0.596795187250814,2000-04-18
3,0.657867656659908,2000-04-18
4,0.621379059228541,2000-04-18
5,0.579212544134743,2000-04-18
6,0.586904462418596,2000-04-18
7,0.607697704900871,2000-04-18
8,0.61390326047788,2000-04-18
9,0.446993632540632,2000-04-18
10,0.112225836502915,2000-04-18
11,0.192317173548463,2000-04-18
12,0.198121456147201,2000-04-18
13,0.399530433629658,2000-04-18
14,0.349465718983406,2000-04-18
15,0.630053233209715,2000-04-18
16,0.375091899087177,2000-04-18
17,0.405447814972853,2000-04-18
18,0.56290636575699,2000-04-18
19,0.635358902089794,2000-04-18
20,1.37640689172318,2000-04-18
21,0.874261715833216,2000-04-18
22,1.40516641095419,2000-04-18
23,1.43840894642799,2000-04-18
24,0.282759676932941,2000-04-18
25,0.182836072045456,2000-04-18
26,0.492715593727024,2000-04-18
27,0.567883974901458,2000-04-18
28,0.607081818187456,2000-04-18
29,0.350235386528843,2000-04-18
30,0.47554221907329,2000-04-18
31,0.257315891401628,2000-04-18
32,0.239586827340243,2000-04-18
33,0.256655230757361,2000-04-18
34,0.605865304341069,2000-04-18
35,0.439975980071591,2000-04-18
36,0.402569947186458,2000-04-18
1,0.61596192014295,2000-04-26
2,0.617974278108626,2000-04-26
3,0.69586217105593,2000-04-26
4,0.659010276216279,2000-04-26
5,0.60554810709386,2000-04-26
6,0.621742397038222,2000-04-26
7,0.627074955661424,2000-04-26
8,0.652730219353638,2000-04-26
9,0.457397343070876,2000-04-26
10,0.111835157954165,2000-04-26
11,0.192834385387608,2000-04-26
12,0.200320804221621,2000-04-26
13,0.426176460068333,2000-04-26
14,0.379178825924882,2000-04-26
15,0.637354847679458,2000-04-26
16,0.411499732045184,2000-04-26
17,0.43680762141227,2000-04-26
18,0.563508217610082,2000-04-26
19,0.631202656780819,2000-04-26
20,1.37727347864015,2000-04-26
21,0.879895494573786,2000-04-26
22,1.40607238203983,2000-04-26
23,1.4396677232346,2000-04-26
24,0.301659231135136,2000-04-26
25,0.188196154192489,2000-04-26
26,0.495917167888112,2000-04-26
27,0.569078414539658,2000-04-26
28,0.639550508823592,2000-04-26
29,0.387180402279348,2000-04-26
30,0.472890171626542,2000-04-26
31,0.266908113966156,2000-04-26
32,0.241832669981152,2000-04-26
33,0.25698610676905,2000-04-26
34,0.620635694725537,2000-04-26
35,0.451778414975606,2000-04-26
36,0.428851491801217,2000-04-26
1,0.647613153510583,2000-05-04
2,0.626582675863252,2000-05-04
3,0.721626654170252,2000-05-04
4,0.69199483751944,2000-05-04
5,0.622024346055451,2000-05-04
6,0.649079044780893,2000-05-04
7,0.645546391203061,2000-05-04
8,0.680908918879061,2000-05-04
9,0.463982122310442,2000-05-04
10,0.110565452683574,2000-05-04
11,0.194384308047318,2000-05-04
12,0.201530274004383,2000-05-04
13,0.452254891048285,2000-05-04
14,0.416603666075371,2000-05-04
15,0.645733411596625,2000-05-04
16,0.454683032661825,2000-05-04
17,0.482250288998215,2000-05-04
18,0.561889561821307,2000-05-04
19,0.633339028641472,2000-05-04
20,1.37924984417375,2000-05-04
21,0.880859865681927,2000-05-04
22,1.40629201146308,2000-05-04
23,1.43962833301218,2000-05-04
24,0.31347959429373,2000-05-04
25,0.192637169286506,2000-05-04
26,0.494888762858665,2000-05-04
27,0.565773112006052,2000-05-04
28,0.659330916074439,2000-05-04
29,0.430917514816464,2000-05-04
30,0.472215167401368,2000-05-04
31,0.285574665485708,2000-05-04
32,0.242389844603404,2000-05-04
33,0.254932275119535,2000-05-04
34,0.622368046115749,2000-05-04
35,0.456040119282075,2000-05-04
36,0.455627456967411,2000-05-04
1,0.691153961861064,2000-05-12
2,0.625593815326384,2000-05-12
3,0.732541977470363,2000-05-12
4,0.714015419906449,2000-05-12
5,0.626498526711574,2000-05-12
6,0.66624419679672,2000-05-12
7,0.658241535539022,2000-05-12
8,0.695933785209666,2000-05-12
9,0.467325190300744,2000-05-12
10,0.109350579407135,2000-05-12
11,0.196624417324337,2000-05-12
12,0.200871499008289,2000-05-12
13,0.479389393786087,2000-05-12
14,0.462712581471515,2000-05-12
15,0.656236674960054,2000-05-12
16,0.505304918121921,2000-05-12
17,0.543749342921808,2000-05-12
18,0.561663223863598,2000-05-12
19,0.641322582093426,2000-05-12
20,1.38630070882041,2000-05-12
21,0.878771822093646,2000-05-12
22,1.40671582744369,2000-05-12
23,1.43803902001872,2000-05-12
24,0.316028445854369,2000-05-12
25,0.195540118486006,2000-05-12
26,0.496078016807585,2000-05-12
27,0.561740162290897,2000-05-12
28,0.666532836533632,2000-05-12
29,0.479042943612484,2000-05-12
30,0.474680475369849,2000-05-12
31,0.322639358746233,2000-05-12
32,0.241112628581247,2000-05-12
33,0.251817240078464,2000-05-12
34,0.61494001319646,2000-05-12
35,0.455131184216445,2000-05-12
36,0.486758786647105,2000-05-12
1,0.739116922606023,2000-05-20
2,0.620699214344108,2000-05-20
3,0.734693159622242,2000-05-20
4,0.724106328570209,2000-05-20
5,0.625678488917918,2000-05-20
6,0.673956423778105,2000-05-20
7,0.666623762432472,2000-05-20
8,0.702999468345295,2000-05-20
9,0.468393735370006,2000-05-20
10,0.108403012583848,2000-05-20
11,0.199289256881965,2000-05-20
12,0.199171379019392,2000-05-20
13,0.50648949651152,2000-05-20
14,0.508294095489229,2000-05-20
15,0.668574359345694,2000-05-20
16,0.55766705386731,2000-05-20
17,0.615129777930776,2000-05-20
18,0.56261829964418,2000-05-20
19,0.652172333747723,2000-05-20
20,1.39240963143153,2000-05-20
21,0.875253493717351,2000-05-20
22,1.40750340464689,2000-05-20
23,1.43515838975622,2000-05-20
24,0.312471709292373,2000-05-20
25,0.198407059562212,2000-05-20
26,0.500039344621614,2000-05-20
27,0.558848450504728,2000-05-20
28,0.665002556897024,2000-05-20
29,0.52545875000713,2000-05-20
30,0.478511210315278,2000-05-20
31,0.376151058711342,2000-05-20
32,0.239979421046444,2000-05-20
33,0.248465619931474,2000-05-20
34,0.603615475809897,2000-05-20
35,0.452697639447009,2000-05-20
36,0.518357069433503,2000-05-20
1,0.7722564979938,2000-05-28
2,0.61649527206902,2000-05-28
3,0.734895422359955,2000-05-28
4,0.730542006255423,2000-05-28
5,0.630188696560616,2000-05-28
6,0.673997583174722,2000-05-28
7,0.676086791963098,2000-05-28
8,0.706801560835964,2000-05-28
9,0.468735600984387,2000-05-28
10,0.108209386728372,2000-05-28
11,0.202241816909004,2000-05-28
12,0.196812483873349,2000-05-28
13,0.528890596202273,2000-05-28
14,0.540568618217457,2000-05-28
15,0.680626918409469,2000-05-28
16,0.59688540105352,2000-05-28
17,0.677483222715189,2000-05-28
18,0.56232508956691,2000-05-28
19,0.663726213425002,2000-05-28
20,1.39009930457876,2000-05-28
21,0.871336056516162,2000-05-28
22,1.4090082089806,2000-05-28
23,1.43235825270633,2000-05-28
24,0.310896461107345,2000-05-28
25,0.201994165104899,2000-05-28
26,0.503434279688789,2000-05-28
27,0.5587901018457,2000-05-28
28,0.659770098835521,2000-05-28
29,0.558685554006166,2000-05-28
30,0.483496647923598,2000-05-28
31,0.429998269238934,2000-05-28
32,0.239343384802265,2000-05-28
33,0.24556659731344,2000-05-28
34,0.59136050734337,2000-05-28
35,0.449929675300079,2000-05-28
36,0.543502133250748,2000-05-28
1,0.786519185132737,2000-06-05
2,0.612848314213875,2000-06-05
3,0.732101456347417,2000-06-05
4,0.737804441378926,2000-06-05
5,0.640924671733537,2000-06-05
6,0.668746339678867,2000-06-05
7,0.686134827263023,2000-06-05
8,0.710591647401516,2000-06-05
9,0.46880603506278,2000-06-05
10,0.108582930267559,2000-06-05
11,0.20681109208576,2000-06-05
12,0.194839589890852,2000-06-05
13,0.545822140302267,2000-06-05
14,0.556320206766311,2000-06-05
15,0.691408436529771,2000-06-05
16,0.619991395342823,2000-06-05
17,0.717782344677429,2000-06-05
18,0.561210549298536,2000-06-05
19,0.673948930099693,2000-06-05
20,1.382457585011,2000-06-05
21,0.867427183747159,2000-06-05
22,1.4112147978592,2000-06-05
23,1.43021918785406,2000-06-05
24,0.317296872355419,2000-06-05
25,0.207181064546139,2000-06-05
26,0.50487849580648,2000-06-05
27,0.562672030315588,2000-06-05
28,0.651494236925972,2000-06-05
29,0.574324728461475,2000-06-05
30,0.488074341610825,2000-06-05
31,0.469476932874469,2000-06-05
32,0.238530767079811,2000-06-05
33,0.243181889696303,2000-06-05
34,0.580604852947666,2000-06-05
35,0.447715646832801,2000-06-05
36,0.560760501794549,2000-06-05
1,0.790747580786628,2000-06-13
2,0.609648656827216,2000-06-13
3,0.722164877744971,2000-06-13
4,0.742137203139363,2000-06-13
5,0.653420811465662,2000-06-13
6,0.660946648679718,2000-06-13
7,0.690904084255615,2000-06-13
8,0.71436287049997,2000-06-13
9,0.469173669849622,2000-06-13
10,0.108983889771108,2000-06-13
11,0.213918473154924,2000-06-13
12,0.193648991151829,2000-06-13
13,0.567005489980094,2000-06-13
14,0.565220739210229,2000-06-13
15,0.701788030752905,2000-06-13
16,0.637862894921507,2000-06-13
17,0.740830306900681,2000-06-13
18,0.560085720986905,2000-06-13
19,0.677390766777615,2000-06-13
20,1.37670831333276,2000-06-13
21,0.863999640149214,2000-06-13
22,1.41412488701347,2000-06-13
23,1.42809724932181,2000-06-13
24,0.334463481564952,2000-06-13
25,0.213137854314799,2000-06-13
26,0.504926408047569,2000-06-13
27,0.567786154405794,2000-06-13
28,0.6412763607775,2000-06-13
29,0.578018887088189,2000-06-13
30,0.490011980845511,2000-06-13
31,0.493300056600647,2000-06-13
32,0.237166117625137,2000-06-13
33,0.242828726569871,2000-06-13
34,0.572832406182519,2000-06-13
35,0.445964660771195,2000-06-13
36,0.581342475145672,2000-06-13
1,0.79258400146608,2000-06-21
2,0.612395871832213,2000-06-21
3,0.71145524542024,2000-06-21
4,0.742149209610696,2000-06-21
5,0.664441569136457,2000-06-21
6,0.657991752386236,2000-06-21
7,0.689667165357039,2000-06-21
8,0.718327885157268,2000-06-21
9,0.471896569307441,2000-06-21
10,0.109460243430548,2000-06-21
11,0.226213386435126,2000-06-21
12,0.194475891036303,2000-06-21
13,0.602850002454838,2000-06-21
14,0.575071279855797,2000-06-21
15,0.711556151546717,2000-06-21
16,0.658160094672862,2000-06-21
17,0.754521212753345,2000-06-21
18,0.559624472363444,2000-06-21
19,0.670662995727491,2000-06-21
20,1.37556941973406,2000-06-21
21,0.860707416927232,2000-06-21
22,1.4179872754097,2000-06-21
23,1.42594105816738,2000-06-21
24,0.360646202843566,2000-06-21
25,0.219900542862499,2000-06-21
26,0.504318947449306,2000-06-21
27,0.571057134514899,2000-06-21
28,0.635904942481795,2000-06-21
29,0.580274900470147,2000-06-21
30,0.485711826475205,2000-06-21
31,0.507739147981879,2000-06-21
32,0.235993479305235,2000-06-21
33,0.244959705658532,2000-06-21
34,0.566098341928965,2000-06-21
35,0.443675173570159,2000-06-21
36,0.61665234546293,2000-06-21
1,0.796884412715015,2000-06-29
2,0.623718922449262,2000-06-29
3,0.707619111820223,2000-06-29
4,0.740382486267421,2000-06-29
5,0.671856219999315,2000-06-29
6,0.66380036122812,2000-06-29
7,0.68815747265723,2000-06-29
8,0.722373503515067,2000-06-29
9,0.478393734781383,2000-06-29
10,0.110771072671938,2000-06-29
11,0.247573207892218,2000-06-29
12,0.198507457516537,2000-06-29
13,0.652007208725083,2000-06-29
14,0.58665176443538,2000-06-29
15,0.719646154681802,2000-06-29
16,0.682245302355959,2000-06-29
17,0.763611808857271,2000-06-29
18,0.557381674202749,2000-06-29
19,0.659008036392964,2000-06-29
20,1.37369752371383,2000-06-29
21,0.856164765415018,2000-06-29
22,1.42175700759238,2000-06-29
23,1.42439969837452,2000-06-29
24,0.389670884967831,2000-06-29
25,0.226198553584199,2000-06-29
26,0.50206193195823,2000-06-29
27,0.570475359980649,2000-06-29
28,0.64001199314465,2000-06-29
29,0.587238817404687,2000-06-29
30,0.4762018042498,2000-06-29
31,0.518752568391782,2000-06-29
32,0.236094627884476,2000-06-29
33,0.249192518749067,2000-06-29
34,0.55647188546602,2000-06-29
35,0.441447425446478,2000-06-29
36,0.663500413313956,2000-06-29
1,0.8018809833164,2000-07-07
2,0.634359882091393,2000-07-07
3,0.709516609291283,2000-07-07
4,0.740439090493102,2000-07-07
5,0.676798749016558,2000-07-07
6,0.673704322728422,2000-07-07
7,0.689097599192385,2000-07-07
8,0.724980259918876,2000-07-07
9,0.484762056531816,2000-07-07
10,0.113074020007044,2000-07-07
11,0.278033902517409,2000-07-07
12,0.203688448874338,2000-07-07
13,0.701630530532259,2000-07-07
14,0.596605379995822,2000-07-07
15,0.725534165676073,2000-07-07
16,0.708333602003923,2000-07-07
17,0.771033159969639,2000-07-07
18,0.549955405294895,2000-07-07
19,0.649898905226001,2000-07-07
20,1.36706111350421,2000-07-07
21,0.849946882561074,2000-07-07
22,1.42476661630836,2000-07-07
23,1.42350228441843,2000-07-07
24,0.413159057209354,2000-07-07
25,0.230795604226643,2000-07-07
26,0.496081439217248,2000-07-07
27,0.559656756982637,2000-07-07
28,0.648785367397169,2000-07-07
29,0.595697579996283,2000-07-07
30,0.463691953913651,2000-07-07
31,0.528702671554373,2000-07-07
32,0.237234692962784,2000-07-07
33,0.253831640978646,2000-07-07
34,0.540855024816791,2000-07-07
35,0.437046807926309,2000-07-07
36,0.707457493466881,2000-07-07
1,0.803935166849501,2000-07-15
2,0.635177362509129,2000-07-15
3,0.715217671994686,2000-07-15
4,0.744790719411181,2000-07-15
5,0.683956065248883,2000-07-15
6,0.68203394018373,2000-07-15
7,0.690058312739753,2000-07-15
8,0.725486176561541,2000-07-15
9,0.484071453755827,2000-07-15
10,0.115166206314338,2000-07-15
11,0.305661920309424,2000-07-15
12,0.207213924808192,2000-07-15
13,0.741842086734151,2000-07-15
14,0.602399916269219,2000-07-15
15,0.730242169656343,2000-07-15
16,0.732410220525617,2000-07-15
17,0.776907321819432,2000-07-15
18,0.535281194616697,2000-07-15
19,0.643464092641344,2000-07-15
20,1.35664152138613,2000-07-15
21,0.842593337161611,2000-07-15
22,1.42627485232286,2000-07-15
23,1.42231543725897,2000-07-15
24,0.426575237829564,2000-07-15
25,0.231568923673563,2000-07-15
26,0.483512992973833,2000-07-15
27,0.532400879813625,2000-07-15
28,0.656176000329904,2000-07-15
29,0.600737098959047,2000-07-15
30,0.450287808349979,2000-07-15
31,0.537611824906439,2000-07-15
32,0.237364986135766,2000-07-15
33,0.256992964399731,2000-07-15
34,0.516545566269966,2000-07-15
35,0.425427875079852,2000-07-15
36,0.740305561297953,2000-07-15
1,0.800877897245158,2000-07-23
2,0.62802911974113,2000-07-23
3,0.72207917341497,2000-07-23
4,0.7482418343297,2000-07-23
5,0.690922954710746,2000-07-23
6,0.686738107356643,2000-07-23
7,0.68829986456795,2000-07-23
8,0.726374531843572,2000-07-23
9,0.477172295683398,2000-07-23
10,0.115726521703708,2000-07-23
11,0.316643252597471,2000-07-23
12,0.208747635509382,2000-07-23
13,0.77039901820714,2000-07-23
14,0.60341692373817,2000-07-23
15,0.734666765969834,2000-07-23
16,0.748742465213328,2000-07-23
17,0.779767902452388,2000-07-23
18,0.518215008311239,2000-07-23
19,0.640325494188447,2000-07-23
20,1.34739165009823,2000-07-23
21,0.836212727465514,2000-07-23
22,1.4260861083396,2000-07-23
23,1.42003765012409,2000-07-23
24,0.428932111328458,2000-07-23
25,0.228329897684458,2000-07-23
26,0.465398687814489,2000-07-23
27,0.495759384386,2000-07-23
28,0.658349615003902,2000-07-23
29,0.600621978512283,2000-07-23
30,0.437851625526091,2000-07-23
31,0.545132471213895,2000-07-23
32,0.235467163382551,2000-07-23
33,0.259015936952435,2000-07-23
34,0.485181619117651,2000-07-23
35,0.406510022706048,2000-07-23
36,0.762899551304625,2000-07-23
1,0.793098404671389,2000-07-31
2,0.619592101832384,2000-07-31
3,0.727972213826361,2000-07-31
4,0.742828455360328,2000-07-31
5,0.690766838867314,2000-07-31
6,0.688902401368055,2000-07-31
7,0.683992092795945,2000-07-31
8,0.728847520508011,2000-07-31
9,0.471549550260471,2000-07-31
10,0.11463330738946,2000-07-31
11,0.310777522407894,2000-07-31
12,0.209553948656775,2000-07-31
13,0.78594253327035,2000-07-31
14,0.601252347436663,2000-07-31
15,0.740058383528797,2000-07-31
16,0.756404379809912,2000-07-31
17,0.779178251497459,2000-07-31
18,0.503832292246066,2000-07-31
19,0.64366282499862,2000-07-31
20,1.34176911200609,2000-07-31
21,0.831211014542283,2000-07-31
22,1.42491074815628,2000-07-31
23,1.41699945868098,2000-07-31
24,0.423116204770391,2000-07-31
25,0.222812065281056,2000-07-31
26,0.445516758071211,2000-07-31
27,0.462812757083095,2000-07-31
28,0.655819164440458,2000-07-31
29,0.597513731140195,2000-07-31
30,0.429157090302973,2000-07-31
31,0.553152085698536,2000-07-31
32,0.232981307041836,2000-07-31
33,0.26042001727683,2000-07-31
34,0.455277576325097,2000-07-31
35,0.386746688997474,2000-07-31
36,0.774980237785839,2000-07-31
1,0.784797650152518,2000-08-08
2,0.612952856296847,2000-08-08
3,0.732435703152432,2000-08-08
4,0.732668936319049,2000-08-08
5,0.684640574049307,2000-08-08
6,0.690747710647928,2000-08-08
7,0.68056268855574,2000-08-08
8,0.730140609722607,2000-08-08
9,0.471431013984515,2000-08-08
10,0.113121998278045,2000-08-08
11,0.303363581583105,2000-08-08
12,0.211307251123882,2000-08-08
13,0.79058821641593,2000-08-08
14,0.598658291493722,2000-08-08
15,0.745441412963344,2000-08-08
16,0.758440112283274,2000-08-08
17,0.778356521806808,2000-08-08
18,0.4934653516786,2000-08-08
19,0.649609372309839,2000-08-08
20,1.3400342259186,2000-08-08
21,0.82780060029559,2000-08-08
22,1.42370621829601,2000-08-08
23,1.41425241299049,2000-08-08
24,0.4123860025765,2000-08-08
25,0.217908087476516,2000-08-08
26,0.428062959892253,2000-08-08
27,0.437295338212459,2000-08-08
28,0.652803209452267,2000-08-08
29,0.594099642259558,2000-08-08
30,0.425226989872492,2000-08-08
31,0.565263234839069,2000-08-08
32,0.230210863378237,2000-08-08
33,0.260555453670987,2000-08-08
34,0.430092518854276,2000-08-08
35,0.369109920689383,2000-08-08
36,0.777428307088148,2000-08-08
1,0.778597376057661,2000-08-16
2,0.608368451940574,2000-08-16
3,0.737797376270322,2000-08-16
4,0.726569451051756,2000-08-16
5,0.678392503729487,2000-08-16
6,0.692970314193622,2000-08-16
7,0.68140845948619,2000-08-16
8,0.727151414477545,2000-08-16
9,0.476029880156715,2000-08-16
10,0.111485603585586,2000-08-16
11,0.308665859444559,2000-08-16
12,0.214271738905403,2000-08-16
13,0.788575832491422,2000-08-16
14,0.596950680899356,2000-08-16
15,0.74858122748748,2000-08-16
16,0.757914429738173,2000-08-16
17,0.779573643637396,2000-08-16
18,0.484999988241497,2000-08-16
19,0.648817870133448,2000-08-16
20,1.3407809290522,2000-08-16
21,0.825263772586392,2000-08-16
22,1.42392413178619,2000-08-16
23,1.41299706122114,2000-08-16
24,0.400169685064091,2000-08-16
25,0.213717415424215,2000-08-16
26,0.414999989777406,2000-08-16
27,0.41720438291168,2000-08-16
28,0.653089708062731,2000-08-16
29,0.592298954816157,2000-08-16
30,0.424606808105601,2000-08-16
31,0.57920335811907,2000-08-16
32,0.228215320587935,2000-08-16
33,0.259547396033706,2000-08-16
34,0.407129873369065,2000-08-16
35,0.353549982656686,2000-08-16
36,0.773163929400014,2000-08-16
1,0.774993123404876,2000-08-24
2,0.605977706395364,2000-08-24
3,0.74316247763865,2000-08-24
4,0.724574596469337,2000-08-24
5,0.673446543955705,2000-08-24
6,0.695335260354579,2000-08-24
7,0.684973393116184,2000-08-24
8,0.722447247601071,2000-08-24
9,0.483628230879467,2000-08-24
10,0.110364972886319,2000-08-24
11,0.326617562884663,2000-08-24
12,0.217991073147871,2000-08-24
13,0.780423096984389,2000-08-24
14,0.595760164304664,2000-08-24
15,0.749199571753415,2000-08-24
16,0.755428602036138,2000-08-24
17,0.782186674563483,2000-08-24
18,0.477950948715307,2000-08-24
19,0.638891538314385,2000-08-24
20,1.3423890812333,2000-08-24
21,0.823257948611086,2000-08-24
22,1.42529509953104,2000-08-24
23,1.41283264946295,2000-08-24
24,0.388440168657132,2000-08-24
25,0.209970845023249,2000-08-24
26,0.406500674237247,2000-08-24
27,0.40155653706866,2000-08-24
28,0.655817448110575,2000-08-24
29,0.591307546008903,2000-08-24
30,0.424180219098938,2000-08-24
31,0.587023385550445,2000-08-24
32,0.227032395992374,2000-08-24
33,0.258592484429154,2000-08-24
34,0.386158317935189,2000-08-24
35,0.340265812245927,2000-08-24
36,0.760073800086975,2000-08-24
1,0.774777073827055,2000-09-01
2,0.606502127860639,2000-09-01
3,0.743560146138118,2000-09-01
4,0.723044579906795,2000-09-01
5,0.671075640181404,2000-09-01
6,0.697093106378231,2000-09-01
7,0.686484801132589,2000-09-01
8,0.718526822073528,2000-09-01
9,0.491704162905878,2000-09-01
10,0.110534609560973,2000-09-01
11,0.342269215784491,2000-09-01
12,0.223714181531823,2000-09-01
13,0.759970741447075,2000-09-01
14,0.592719449665352,2000-09-01
15,0.749271712047075,2000-09-01
16,0.749943290278892,2000-09-01
17,0.781837697417051,2000-09-01
18,0.473269878651574,2000-09-01
19,0.625651861065021,2000-09-01
20,1.34465488014157,2000-09-01
21,0.82210515660169,2000-09-01
22,1.42676730260161,2000-09-01
23,1.41294054454982,2000-09-01
24,0.377187169099819,2000-09-01
25,0.206395742400397,2000-09-01
26,0.402784042103722,2000-09-01
27,0.392261874439268,2000-09-01
28,0.657321994628602,2000-09-01
29,0.589278336607329,2000-09-01
30,0.422203176277528,2000-09-01
31,0.579967295179555,2000-09-01
32,0.227786724835496,2000-09-01
33,0.259963991212744,2000-09-01
34,0.371142896853587,2000-09-01
35,0.33196877923372,2000-09-01
36,0.732345046229628,2000-09-01
1,0.778093260624772,2000-09-09
2,0.609665795246454,2000-09-09
3,0.736523807733321,2000-09-09
4,0.720939948572098,2000-09-09
5,0.670675914809376,2000-09-09
6,0.698849237148154,2000-09-09
7,0.682201048418072,2000-09-09
8,0.716758686035253,2000-09-09
9,0.499991398723884,2000-09-09
10,0.11171863966534,2000-09-09
11,0.344889527384213,2000-09-09
12,0.229969113703442,2000-09-09
13,0.722457843122406,2000-09-09
14,0.585715498746765,2000-09-09
15,0.750108194442441,2000-09-09
16,0.736450763463749,2000-09-09
17,0.776372681397004,2000-09-09
18,0.471711236997591,2000-09-09
19,0.617781380022636,2000-09-09
20,1.34629728475856,2000-09-09
21,0.822135989000665,2000-09-09
22,1.42662145511753,2000-09-09
23,1.41262542200773,2000-09-09
24,0.366283844023647,2000-09-09
25,0.20320815694185,2000-09-09
26,0.403429147907871,2000-09-09
27,0.388951423282121,2000-09-09
28,0.655695643662629,2000-09-09
29,0.584470776792398,2000-09-09
30,0.422861048408939,2000-09-09
31,0.557764954839661,2000-09-09
32,0.23034115652248,2000-09-09
33,0.263735635327129,2000-09-09
34,0.363041457879045,2000-09-09
35,0.329403181930087,2000-09-09
36,0.69157766597977,2000-09-09
1,0.780896757477677,2000-09-17
2,0.614150799713844,2000-09-17
3,0.729004096133806,2000-09-17
4,0.721619193963898,2000-09-17
5,0.671190582541725,2000-09-17
6,0.700411576262123,2000-09-17
7,0.673470562897836,2000-09-17
8,0.716017818000136,2000-09-17
9,0.509993116407332,2000-09-17
10,0.113668605293619,2000-09-17
11,0.333522855315506,2000-09-17
12,0.235301074261147,2000-09-17
13,0.674869265407324,2000-09-17
14,0.573836097325454,2000-09-17
15,0.75019407582897,2000-09-17
16,0.709469146357126,2000-09-17
17,0.761719080400012,2000-09-17
18,0.473503075182356,2000-09-17
19,0.61910397733447,2000-09-17
20,1.34702172378816,2000-09-17
21,0.823660483559241,2000-09-17
22,1.42449551133162,2000-09-17
23,1.41182562764457,2000-09-17
24,0.355639346740836,2000-09-17
25,0.200949926551467,2000-09-17
26,0.405518470602308,2000-09-17
27,0.390435892124172,2000-09-17
28,0.65304167243256,2000-09-17
29,0.574991395383356,2000-09-17
30,0.430075370659868,2000-09-17
31,0.529017536257729,2000-09-17
32,0.23443167576285,2000-09-17
33,0.268105599082101,2000-09-17
34,0.360765926797464,2000-09-17
35,0.330658541021214,2000-09-17
36,0.650022303106447,2000-09-17
1,0.777872065309594,2000-09-25
2,0.618488417195528,2000-09-25
3,0.72783337264262,2000-09-25
4,0.727576311425934,2000-09-25
5,0.670149237510577,2000-09-25
6,0.700281238708216,2000-09-25
7,0.665364541421101,2000-09-25
8,0.714311421157729,2000-09-25
9,0.52090189415367,2000-09-25
10,0.115514047320031,2000-09-25
11,0.315774953643239,2000-09-25
12,0.237587915952986,2000-09-25
13,0.627929121381461,2000-09-25
14,0.556359718771153,2000-09-25
15,0.746659208085594,2000-09-25
16,0.669891755086535,2000-09-25
17,0.730577599844491,2000-09-25
18,0.477501703072365,2000-09-25
19,0.624432056534353,2000-09-25
20,1.34673571586736,2000-09-25
21,0.825366547292608,2000-09-25
22,1.42144300618165,2000-09-25
23,1.41111146427958,2000-09-25
24,0.343220766006695,2000-09-25
25,0.199329556181863,2000-09-25
26,0.408542084352742,2000-09-25
27,0.392951766631875,2000-09-25
28,0.651571437608477,2000-09-25
29,0.559420949002709,2000-09-25
30,0.44034434398274,2000-09-25
31,0.498522010414893,2000-09-25
32,0.238686776199322,2000-09-25
33,0.271170917057943,2000-09-25
34,0.361626105009616,2000-09-25
35,0.332244889861791,2000-09-25
36,0.615387110091074,2000-09-25
1,0.767244495132067,2000-10-03
2,0.622313609592866,2000-10-03
3,0.725769608931914,2000-10-03
4,0.730144064309871,2000-10-03
5,0.666311529855987,2000-10-03
6,0.695496467760692,2000-10-03
7,0.661240334617289,2000-10-03
8,0.708116943158798,2000-10-03
9,0.529395280594351,2000-10-03
10,0.117028783367866,2000-10-03
11,0.297963684449959,2000-10-03
12,0.237143586067776,2000-10-03
13,0.586028538029199,2000-10-03
14,0.532295125637257,2000-10-03
15,0.737540348904218,2000-10-03
16,0.623331028801063,2000-10-03
17,0.68322673318557,2000-10-03
18,0.482021593414656,2000-10-03
19,0.625271528545389,2000-10-03
20,1.34726491614048,2000-10-03
21,0.826171617689196,2000-10-03
22,1.417952958256,2000-10-03
23,1.41118853233721,2000-10-03
24,0.329544043730987,2000-10-03
25,0.19825102387709,2000-10-03
26,0.414606423751489,2000-10-03
27,0.39568215946411,2000-10-03
28,0.649408116049618,2000-10-03
29,0.53630754754933,2000-10-03
30,0.445872869137697,2000-10-03
31,0.461827243341124,2000-10-03
32,0.241673232277336,2000-10-03
33,0.272516708319073,2000-10-03
34,0.363629188998829,2000-10-03
35,0.330293252158228,2000-10-03
36,0.584722732819713,2000-10-03
1,0.742782903464692,2000-10-11
2,0.620815751921855,2000-10-11
3,0.707320860580994,2000-10-11
4,0.718149210515194,2000-10-11
5,0.655170682287887,2000-10-11
6,0.680080587275951,2000-10-11
7,0.659385814254621,2000-10-11
8,0.690605368303549,2000-10-11
9,0.533741613218023,2000-10-11
10,0.117880394118005,2000-10-11
11,0.283952723742603,2000-10-11
12,0.236587744406227,2000-10-11
13,0.54428447319863,2000-10-11
14,0.500877844349569,2000-10-11
15,0.72234282231714,2000-10-11
16,0.571291860628837,2000-10-11
17,0.628947896190284,2000-10-11
18,0.488988328645892,2000-10-11
19,0.618751056069508,2000-10-11
20,1.35237709262877,2000-10-11
21,0.826736879568839,2000-10-11
22,1.41459503110918,2000-10-11
23,1.41276585722942,2000-10-11
24,0.316563241956401,2000-10-11
25,0.198662546529742,2000-10-11
26,0.427766929752232,2000-10-11
27,0.401546240085936,2000-10-11
28,0.6397803930304,2000-10-11
29,0.502359094847109,2000-10-11
30,0.445835178348122,2000-10-11
31,0.416190630190346,2000-10-11
32,0.242334984379908,2000-10-11
33,0.271968105449613,2000-10-11
34,0.368911916693906,2000-10-11
35,0.325110607676858,2000-10-11
36,0.550872089913986,2000-10-11
1,0.696373439359444,2000-10-19
2,0.606640944962534,2000-10-19
3,0.667900224287481,2000-10-19
4,0.689207530514965,2000-10-19
5,0.6341036046082,2000-10-19
6,0.649535227041162,2000-10-19
7,0.654194529587075,2000-10-19
8,0.654688717434836,2000-10-19
9,0.535146870275806,2000-10-19
10,0.117532553169123,2000-10-19
11,0.275898262775451,2000-10-19
12,0.237709720705141,2000-10-19
13,0.500786022039974,2000-10-19
14,0.461961851439432,2000-10-19
15,0.702918226562878,2000-10-19
16,0.516856198078618,2000-10-19
17,0.577464315999931,2000-10-19
18,0.499130646470776,2000-10-19
19,0.60770942478273,2000-10-19
20,1.36257061867564,2000-10-19
21,0.828669048201276,2000-10-19
22,1.41149276635413,2000-10-19
23,1.41698747043745,2000-10-19
24,0.308234479738081,2000-10-19
25,0.201515769831254,2000-10-19
26,0.447763506910833,2000-10-19
27,0.414698805692934,2000-10-19
28,0.616584305637266,2000-10-19
29,0.455809266947184,2000-10-19
30,0.445953389760238,2000-10-19
31,0.371625937733617,2000-10-19
32,0.242787581556964,2000-10-19
33,0.271349212744546,2000-10-19
34,0.385025693216017,2000-10-19
35,0.322987472544253,2000-10-19
36,0.510087541410851,2000-10-19
1,0.632974950813871,2000-10-27
2,0.58156468233009,2000-10-27
3,0.61981143635871,2000-10-27
4,0.650711820620922,2000-10-27
5,0.607740593209114,2000-10-27
6,0.609005301927563,2000-10-27
7,0.64379137329793,2000-10-27
8,0.60677583943947,2000-10-27
9,0.535889011020411,2000-10-27
10,0.116458187365204,2000-10-27
11,0.274041780509408,2000-10-27
12,0.240612448217898,2000-10-27
13,0.461542816705153,2000-10-27
14,0.424507806594379,2000-10-27
15,0.684400535713944,2000-10-27
16,0.472712580513307,2000-10-27
17,0.541193041956228,2000-10-27
18,0.510920769840336,2000-10-27
19,0.598888113792218,2000-10-27
20,1.37283436237067,2000-10-27
21,0.832142840484786,2000-10-27
22,1.40886407730367,2000-10-27
23,1.42688300037072,2000-10-27
24,0.302032902647151,2000-10-27
25,0.205397799708184,2000-10-27
26,0.468574594909008,2000-10-27
27,0.43476745117886,2000-10-27
28,0.581971164905896,2000-10-27
29,0.410391741947837,2000-10-27
30,0.450383748138936,2000-10-27
31,0.339523391535984,2000-10-27
32,0.244426532310494,2000-10-27
33,0.271969819717019,2000-10-27
34,0.419785801773205,2000-10-27
35,0.332440396271553,2000-10-27
36,0.470530461016643,2000-10-27
1,0.573328177123976,2000-11-04
2,0.556342746147562,2000-11-04
3,0.580263956607328,2000-11-04
4,0.61262091236959,2000-11-04
5,0.582367459738678,2000-11-04
6,0.57189160081713,2000-11-04
7,0.631242051540714,2000-11-04
8,0.562668483471139,2000-11-04
9,0.536926633160797,2000-11-04
10,0.115647700734914,2000-11-04
11,0.274906654641387,2000-11-04
12,0.244264875849088,2000-11-04
13,0.435110068485002,2000-11-04
14,0.399115262103834,2000-11-04
15,0.672346258782329,2000-11-04
16,0.450551440066702,2000-11-04
17,0.525922284244618,2000-11-04
18,0.523118986456881,2000-11-04
19,0.595667280892415,2000-11-04
20,1.37705083770509,2000-11-04
21,0.836865348166793,2000-11-04
22,1.40715508615948,2000-11-04
23,1.44267680022517,2000-11-04
24,0.293049358046669,2000-11-04
25,0.208343615690285,2000-11-04
26,0.48592230148644,2000-11-04
27,0.458827859272479,2000-11-04
28,0.548064835722368,2000-11-04
29,0.383908924697562,2000-11-04
30,0.458980629683953,2000-11-04
31,0.320695105106208,2000-11-04
32,0.248090170278185,2000-11-04
33,0.274628828772239,2000-11-04
34,0.470200468049429,2000-11-04
35,0.355762296105981,2000-11-04
36,0.441126169216991,2000-11-04
1,0.535788738880363,2000-11-12
2,0.539124237192474,2000-11-12
3,0.553969819810054,2000-11-12
4,0.58264835717901,2000-11-12
5,0.562267957525262,2000-11-12
6,0.548514822116235,2000-11-12
7,0.620003416878008,2000-11-12
8,0.532361503623399,2000-11-12
9,0.535959445231918,2000-11-12
10,0.115855034625871,2000-11-12
11,0.271496824458264,2000-11-12
12,0.249027270826913,2000-11-12
13,0.417105252829857,2000-11-12
14,0.385258536833199,2000-11-12
15,0.665472332534372,2000-11-12
16,0.443444414141405,2000-11-12
17,0.521554053439737,2000-11-12
18,0.533384760838533,2000-11-12
19,0.593630275550731,2000-11-12
20,1.37439113597354,2000-11-12
21,0.842929068364461,2000-11-12
22,1.4062250931776,2000-11-12
23,1.46045724153015,2000-11-12
24,0.280565642241234,2000-11-12
25,0.209775371446347,2000-11-12
26,0.49942161681986,2000-11-12
27,0.480226519931717,2000-11-12
28,0.522904431425338,2000-11-12
29,0.375264595463693,2000-11-12
30,0.468288493641863,2000-11-12
31,0.310008594833561,2000-11-12
32,0.25172123457159,2000-11-12
33,0.277646143871383,2000-11-12
34,0.517508554710248,2000-11-12
35,0.380339554951995,2000-11-12
36,0.421143337378174,2000-11-12
1,0.520567545437335,2000-11-20
2,0.526939148007036,2000-11-20
3,0.536443251011753,2000-11-20
4,0.56087820395495,2000-11-20
5,0.545270187633588,2000-11-20
6,0.534307996602354,2000-11-20
7,0.608816250047966,2000-11-20
8,0.512908580234296,2000-11-20
9,0.529853964889711,2000-11-20
10,0.11595784480102,2000-11-20
11,0.26059256037619,2000-11-20
12,0.253549487155386,2000-11-20
13,0.400080829207783,2000-11-20
14,0.375701759715805,2000-11-20
15,0.658947083419518,2000-11-20
16,0.439232079642752,2000-11-20
17,0.517122215614266,2000-11-20
18,0.536423169789307,2000-11-20
19,0.58461708410252,2000-11-20
20,1.36845690051853,2000-11-20
21,0.849323381303225,2000-11-20
22,1.40538604026878,2000-11-20
23,1.47553345307262,2000-11-20
24,0.267086040390797,2000-11-20
25,0.210843615665705,2000-11-20
26,0.506769323777624,2000-11-20
27,0.487013889021464,2000-11-20
28,0.50409503036854,2000-11-20
29,0.370859097367108,2000-11-20
30,0.47183312254921,2000-11-20
31,0.302651402910021,2000-11-20
32,0.252180689549211,2000-11-20
33,0.278223891248047,2000-11-20
34,0.539950296052331,2000-11-20
35,0.38829359365172,2000-11-20
36,0.403730462262559,2000-11-20
1,0.516138533330861,2000-11-28
2,0.51411652617099,2000-11-28
3,0.520646198894375,2000-11-28
4,0.543442526076302,2000-11-28
5,0.528826544498125,2000-11-28
6,0.520308683085065,2000-11-28
7,0.59481727967202,2000-11-28
8,0.4964019767167,2000-11-28
9,0.521676675680679,2000-11-28
10,0.11528957894326,2000-11-28
11,0.246177420936273,2000-11-28
12,0.256586028589231,2000-11-28
13,0.384279315776695,2000-11-28
14,0.366825278402988,2000-11-28
15,0.652023346196925,2000-11-28
16,0.434143606888851,2000-11-28
17,0.510209717417162,2000-11-28
18,0.529332977975112,2000-11-28
19,0.565651862754593,2000-11-28
20,1.36389961338242,2000-11-28
21,0.854527218055788,2000-11-28
22,1.40421411173396,2000-11-28
23,1.48473023297784,2000-11-28
24,0.255673630376987,2000-11-28
25,0.211721530423687,2000-11-28
26,0.502984245138818,2000-11-28
27,0.476684388934911,2000-11-28
28,0.484388391057668,2000-11-28
29,0.366003427396551,2000-11-28
30,0.465357192731846,2000-11-28
31,0.296484851438926,2000-11-28
32,0.248357613995855,2000-11-28
33,0.274897986836508,2000-11-28
34,0.532714175583502,2000-11-28
35,0.376000676717455,2000-11-28
36,0.388454925850226,2000-11-28
1,0.513487641443786,2000-12-06
2,0.49547728082387,2000-12-06
3,0.503986960642849,2000-12-06
4,0.526485407861081,2000-12-06
5,0.511523405064091,2000-12-06
6,0.501804137770154,2000-12-06
7,0.577515856149901,2000-12-06
8,0.478478807729179,2000-12-06
9,0.521111480868665,2000-12-06
10,0.114148386402376,2000-12-06
11,0.235170399415093,2000-12-06
12,0.259113048506061,2000-12-06
13,0.372592009550155,2000-12-06
14,0.358534607100957,2000-12-06
15,0.645745434891081,2000-12-06
16,0.428675474610203,2000-12-06
17,0.502745389460605,2000-12-06
18,0.514919398057393,2000-12-06
19,0.542107233909435,2000-12-06
20,1.3626887898281,2000-12-06
21,0.857490561601016,2000-12-06
22,1.40257890241006,2000-12-06
23,1.48707652500269,2000-12-06
24,0.246258135218994,2000-12-06
25,0.212596015988712,2000-12-06
26,0.487546189108699,2000-12-06
27,0.45730735146862,2000-12-06
28,0.460243597636592,2000-12-06
29,0.361068719636354,2000-12-06
30,0.44899604883232,2000-12-06
31,0.290116991770838,2000-12-06
32,0.243643058836588,2000-12-06
33,0.270834897795062,2000-12-06
34,0.51125769868156,2000-12-06
35,0.353719764806124,2000-12-06
36,0.37701629946416,2000-12-06
1,0.509768505731153,2000-12-14
2,0.474808900285554,2000-12-14
3,0.487473419309684,2000-12-14
4,0.509794155808603,2000-12-14
5,0.495709372282049,2000-12-14
6,0.48119875326653,2000-12-14
7,0.561813334091286,2000-12-14
8,0.460156050623945,2000-12-14
9,0.529687326660662,2000-12-14
10,0.113058598808155,2000-12-14
11,0.228511725208657,2000-12-14
12,0.261221471924043,2000-12-14
13,0.36496387085053,2000-12-14
14,0.350405419893016,2000-12-14
15,0.640736846695102,2000-12-14
16,0.423430671406312,2000-12-14
17,0.495312004838922,2000-12-14
18,0.498233869995038,2000-12-14
19,0.520513950317526,2000-12-14
20,1.36248327510524,2000-12-14
21,0.857243901783228,2000-12-14
22,1.40059880634313,2000-12-14
23,1.48377972768371,2000-12-14
24,0.238328755978478,2000-12-14
25,0.213695124316761,2000-12-14
26,0.464219701418387,2000-12-14
27,0.436478451353065,2000-12-14
28,0.437013198564212,2000-12-14
29,0.355807551520771,2000-12-14
30,0.427771104964641,2000-12-14
31,0.283857528472169,2000-12-14
32,0.241068054847362,2000-12-14
33,0.267495278328448,2000-12-14
34,0.48825050201816,2000-12-14
35,0.332280904191681,2000-12-14
36,0.368988831882313,2000-12-14
1,0.50304182553255,2000-12-22
2,0.4579948473942,2000-12-22
3,0.47577818450676,2000-12-22
4,0.497296728531145,2000-12-22
5,0.484721209836632,2000-12-22
6,0.462841696376621,2000-12-22
7,0.552511567470063,2000-12-22
8,0.445479323183809,2000-12-22
9,0.535115946726155,2000-12-22
10,0.11299177229684,2000-12-22
11,0.223651304118824,2000-12-22
12,0.262144443348784,2000-12-22
13,0.359081518116443,2000-12-22
14,0.342769274861516,2000-12-22
15,0.63604773651765,2000-12-22
16,0.417881796906708,2000-12-22
17,0.487763439884542,2000-12-22
18,0.480044569896179,2000-12-22
19,0.501406532563416,2000-12-22
20,1.35891074556995,2000-12-22
21,0.852526533028794,2000-12-22
22,1.39863415301938,2000-12-22
23,1.4754974878243,2000-12-22
24,0.232024333725837,2000-12-22
25,0.216236276571244,2000-12-22
26,0.437914089014796,2000-12-22
27,0.416873166106816,2000-12-22
28,0.420970996705022,2000-12-22
29,0.350888307372755,2000-12-22
30,0.406667799017309,2000-12-22
31,0.277949063556368,2000-12-22
32,0.240169717727005,2000-12-22
33,0.265936903592621,2000-12-22
34,0.46666037248265,2000-12-22
35,0.316556329108855,2000-12-22
36,0.362868660320028,2000-12-22
1,0.491157395105978,2000-12-30
2,0.446863742144627,2000-12-30
3,0.467295154165457,2000-12-30
4,0.490665510703217,2000-12-30
5,0.477023491298156,2000-12-30
6,0.447125696169688,2000-12-30
7,0.546937712579889,2000-12-30
8,0.435549637256438,2000-12-30
9,0.530848638997252,2000-12-30
10,0.113211100621658,2000-12-30
11,0.219828732010589,2000-12-30
12,0.261741286613076,2000-12-30
13,0.353187125488875,2000-12-30
14,0.335237922955524,2000-12-30
15,0.631636881469472,2000-12-30
16,0.412762401597675,2000-12-30
17,0.480471021300593,2000-12-30
18,0.46084703904652,2000-12-30
19,0.48151789140387,2000-12-30
20,1.35221953151451,2000-12-30
21,0.84332132595009,2000-12-30
22,1.39743820252472,2000-12-30
23,1.46412396531135,2000-12-30
24,0.229077813364655,2000-12-30
25,0.220802463030261,2000-12-30
26,0.411456183936449,2000-12-30
27,0.401686964361584,2000-12-30
28,0.411437628847296,2000-12-30
29,0.345774905536247,2000-12-30
30,0.387421610850202,2000-12-30
31,0.271906393380478,2000-12-30
32,0.240222863561111,2000-12-30
33,0.265304296052816,2000-12-30
34,0.448898206436221,2000-12-30
35,0.306671232272587,2000-12-30
36,0.356650634497532,2000-12-30
